task,method,stage,seed,epsilon,lr,C,eps_scale,trial_id,status,accuracy,optimizer_steps,noise_draws,actual_epsilon,seconds,train_seconds,logical_step_seconds,peak_allocated_bytes,peak_reserved_bytes,physical_gpu,result_dir,error,train_loss,clip_fraction
cv,dp-adam-iid,search,20261101,8.0,0.0003,10,,4a8ab3f281da8c054efa,completed,0.4924,225,225,8.000000000000005,635.8723662067205,519.4490034207702,2.3086622374256454,8331626496,8734638080,0,search/cv/4a8ab3f281da8c054efa,,2.5851949584960936,0.9972444444444445
cv,dp-adam-iid,search,20261101,8.0,0.0003,30,,c3ccd71544a0a4150ccd,completed,0.4952,225,225,8.000000000000007,594.833043826744,477.6814653649926,2.123028734955523,8331626496,8734638080,1,search/cv/c3ccd71544a0a4150ccd,,2.585018443467882,0.9768888888888889
cv,dp-adam-iid,search,20261101,8.0,0.0003,100,,35d3f60c1199087c6bc8,completed,0.4026,225,225,8.000000000000007,601.9090111665428,480.41545478999615,2.1351797990666497,8331626496,8734638080,2,search/cv/35d3f60c1199087c6bc8,,3.0159456963433158,0.5783333333333334
cv,dp-adam-iid,search,20261101,8.0,0.0005,10,,c27a4ad3cb832b0a4431,completed,0.5784,225,225,8.000000000000005,602.738365707919,487.01156534068286,2.1644958459585903,8331626496,8734638080,3,search/cv/c27a4ad3cb832b0a4431,,2.1136032321506075,0.9685111111111111
cv,dp-adam-iid,search,20261101,8.0,0.0005,30,,63abb984db3927c948e7,completed,0.5844,225,225,8.000000000000007,590.9228821434081,477.75297291204333,2.123346546275748,8331626496,8734638080,1,search/cv/63abb984db3927c948e7,,2.113949781629774,0.9164666666666667
cv,dp-adam-iid,search,20261101,8.0,0.0005,100,,ab401749708413246567,completed,0.5438,225,225,8.000000000000007,595.5150163117796,485.9339790549129,2.159706573577391,8331626496,8734638080,2,search/cv/ab401749708413246567,,2.3535202582465278,0.6474222222222222
cv,dp-adam-iid,search,20261101,8.0,0.001,10,,5687058e181d12e3af9b,completed,0.5564,225,225,8.000000000000005,600.7562988214195,490.3897615633905,2.1795100513928465,8331626496,8734638080,3,search/cv/5687058e181d12e3af9b,,2.111053295220269,0.9395333333333333
cv,dp-adam-iid,search,20261101,8.0,0.001,30,,c2db63d95f4f273938b4,completed,0.556,225,225,8.000000000000007,650.0577030256391,542.1885059271008,2.4097266930093366,8331626496,8734638080,0,search/cv/c2db63d95f4f273938b4,,2.1126458489312068,0.8912444444444444
cv,dp-adam-iid,search,20261101,8.0,0.001,100,,849126dad9a7d0a06a33,completed,0.5288,225,225,8.000000000000007,593.1702490393072,477.4932417348027,2.122192185488012,8331626496,8734638080,1,search/cv/849126dad9a7d0a06a33,,2.237925855170356,0.7262222222222222
cv,dp-adam-sgd-bandinvmf,search,20261101,8.0,0.001,3,,4e6c607f790c2b426700,completed,0.6772,225,225,8.000000000000005,596.9934420567006,485.31341153010726,2.1569484956893654,8398219776,8808038400,2,search/cv/4e6c607f790c2b426700,,1.6772059895833333,0.9392666666666667
cv,dp-adam-sgd-bandinvmf,search,20261101,8.0,0.001,10,,c131f467940b31848321,completed,0.684,225,225,8.000000000000005,606.7914106566459,493.13877735845745,2.191727899370922,8398219776,8808038400,3,search/cv/c131f467940b31848321,,1.6668850355360243,0.8879555555555556
cv,dp-adam-sgd-bandinvmf,search,20261101,8.0,0.001,30,,bed608438583fabe571f,completed,0.6932,225,225,8.000000000000005,652.3680418208241,541.1803592480719,2.405246041102542,8398219776,8808038400,0,search/cv/bed608438583fabe571f,,1.6657681803385416,0.8054
cv,dp-adam-sgd-bandinvmf,search,20261101,8.0,0.001,100,,7508b6544c931bbf6d77,completed,0.6634,225,225,8.000000000000005,592.1858119666576,478.34294013120234,2.1259686228053436,8398219776,8808038400,1,search/cv/7508b6544c931bbf6d77,,1.8307002421061198,0.5202666666666667
cv,dp-adam-sgd-bandinvmf,search,20261101,8.0,0.001,200,,e04cd194ff070116ea9b,completed,0.4992,225,225,8.000000000000005,594.6077770683914,484.76003881171346,2.154489061385393,8398219776,8808038400,2,search/cv/e04cd194ff070116ea9b,,2.630034715440538,0.0314
cv,dp-adam-sgd-bandinvmf,search,20261101,8.0,0.003,3,,7c40a83bad2657af9680,completed,0.7042,225,225,8.000000000000005,604.2298589795828,492.5151106324047,2.188956047255132,8398219776,8808038400,3,search/cv/7c40a83bad2657af9680,,1.6186158291286892,0.8422222222222222
cv,dp-adam-sgd-bandinvmf,search,20261101,8.0,0.003,10,,e9fcaec910bb98c7d554,completed,0.7036,225,225,8.000000000000005,653.1778057068586,539.8744997512549,2.3994422211166886,8398219776,8808038400,0,search/cv/e9fcaec910bb98c7d554,,1.5940894694010417,0.7949777777777778
cv,dp-adam-sgd-bandinvmf,search,20261101,8.0,0.003,30,,b857cdedb134b33c6875,completed,0.7046,225,225,8.000000000000005,592.7251427527517,479.0006849654019,2.128891933179564,8398219776,8808038400,1,search/cv/b857cdedb134b33c6875,,1.5820902153862848,0.7276444444444444
cv,dp-adam-sgd-bandinvmf,search,20261101,8.0,0.003,100,,da1236605edf70b5a6a1,completed,0.6796,225,225,8.000000000000005,603.6195716802031,487.818448478356,2.168081993237138,8398219776,8808038400,2,search/cv/da1236605edf70b5a6a1,,1.646793223063151,0.5594888888888889
cv,dp-adam-sgd-bandinvmf,search,20261101,8.0,0.003,200,,2827789f04d923ef1401,completed,0.5946,225,225,8.000000000000005,600.626832017675,490.5134052950889,2.180059579089284,8398219776,8808038400,3,search/cv/2827789f04d923ef1401,,1.9609234530978732,0.13757777777777777
cv,dp-adam-sgd-bandinvmf,search,20261101,8.0,0.005,3,,3e5890e2b46385ed113c,completed,0.5766,225,225,8.000000000000005,653.8225442338735,541.5309793073684,2.406804352477193,8398219776,8808038400,0,search/cv/3e5890e2b46385ed113c,,2.0941740220811633,0.9132666666666667
cv,dp-adam-sgd-bandinvmf,search,20261101,8.0,0.005,10,,8d445fbf48c39709b82b,completed,0.5754,225,225,8.000000000000005,588.4468654524535,479.7692282088101,2.132307680928045,8398219776,8808038400,1,search/cv/8d445fbf48c39709b82b,,2.071800375705295,0.8803111111111112
cv,dp-adam-sgd-bandinvmf,search,20261101,8.0,0.005,30,,e065abe41652e3581df6,completed,0.5738,225,225,8.000000000000005,602.0489091146737,486.57463958486915,2.1625539537105296,8398219776,8808038400,2,search/cv/e065abe41652e3581df6,,2.0573583353678386,0.8313333333333334
cv,dp-adam-sgd-bandinvmf,search,20261101,8.0,0.005,100,,423dc4ddf16b8bb560fc,completed,0.5458,225,225,8.000000000000005,614.1069607865065,493.82786850072443,2.194790526669886,8398219776,8808038400,3,search/cv/423dc4ddf16b8bb560fc,,2.1074828701443145,0.7018222222222222
cv,dp-adam-sgd-bandinvmf,search,20261101,8.0,0.005,200,,cf016ec3f9c2e63ec5f1,completed,0.4446,225,225,8.000000000000005,654.7667129263282,543.0740446038544,2.4136624204615753,8398219776,8808038400,0,search/cv/cf016ec3f9c2e63ec5f1,,2.440745145670573,0.1811111111111111
cv,dp-adam-sgd-bandinvmf,search,20261101,8.0,0.007,3,,177642e45f059536614a,completed,0.4146,225,225,8.000000000000005,586.656948607415,478.18860598653555,2.1252826932734914,8398219776,8808038400,1,search/cv/177642e45f059536614a,,2.655829402669271,0.9749555555555556
cv,dp-adam-sgd-bandinvmf,search,20261101,8.0,0.007,10,,a2766575e76e3a1678c6,completed,0.4118,225,225,8.000000000000005,606.815952103585,489.4473013468087,2.1753213393191495,8398219776,8808038400,2,search/cv/a2766575e76e3a1678c6,,2.6415951755099827,0.9589111111111112
cv,dp-adam-sgd-bandinvmf,search,20261101,8.0,0.007,30,,9cbd896d9d9e9ac337f7,completed,0.412,225,225,8.000000000000005,608.0557042080909,492.2596825826913,2.187820811478628,8398219776,8808038400,3,search/cv/9cbd896d9d9e9ac337f7,,2.627271148003472,0.93
cv,dp-adam-sgd-bandinvmf,search,20261101,8.0,0.007,100,,3fa6b3a74f12684b24f7,completed,0.377,225,225,8.000000000000005,653.2840928807855,543.6815758273005,2.416362559232447,8398219776,8808038400,0,search/cv/3fa6b3a74f12684b24f7,,2.7038466159396704,0.8213555555555555
cv,dp-adam-sgd-bandinvmf,search,20261101,8.0,0.007,200,,73cf2bc0a45527009085,completed,0.257,225,225,8.000000000000005,596.8089645188302,480.5196131002158,2.135642724889848,8398219776,8808038400,1,search/cv/73cf2bc0a45527009085,,3.2172743353949653,0.058355555555555556
cv,dp-adam-momentum-bandinvmf,search,20261101,8.0,0.001,3,,30f16757e8d571324b33,completed,0.4016,225,225,8.000000000000005,603.7399295996875,489.74935395270586,2.1766637953453594,8398219776,8808038400,2,search/cv/30f16757e8d571324b33,,2.9439877536349828,1.0
cv,dp-adam-momentum-bandinvmf,search,20261101,8.0,0.001,10,,907e6cd19f001fc02c0f,completed,0.4016,225,225,8.000000000000005,606.7158227767795,492.7053523734212,2.1898015661040944,8398219776,8808038400,3,search/cv/907e6cd19f001fc02c0f,,2.943988301595052,0.9999111111111111
cv,dp-adam-momentum-bandinvmf,search,20261101,8.0,0.001,30,,bae588e9ab63fe579ece,completed,0.4022,225,225,8.000000000000005,652.3214272595942,542.8338611032814,2.412594938236806,8398219776,8808038400,0,search/cv/bae588e9ab63fe579ece,,2.943996053059896,0.9941111111111111
cv,dp-adam-momentum-bandinvmf,search,20261101,8.0,0.001,100,,5f140c3b1194e38a5341,completed,0.275,225,225,8.000000000000005,588.7215649988502,478.79635324701667,2.127983792208963,8398219776,8808038400,1,search/cv/5f140c3b1194e38a5341,,3.517789796278212,0.3078444444444444
cv,dp-adam-momentum-bandinvmf,search,20261101,8.0,0.001,200,,67373e06e2f8a6e699ab,completed,0.078,225,225,8.000000000000005,603.5621985420585,487.2553963288665,2.1655795392394066,8398219776,8808038400,2,search/cv/67373e06e2f8a6e699ab,,4.275156399197049,0.0
cv,dp-adam-momentum-bandinvmf,search,20261101,8.0,0.003,3,,012be8ce0087bfbaa803,completed,0.6634,225,225,8.000000000000005,610.5933097768575,493.60855818912387,2.1938158141738837,8398219776,8808038400,3,search/cv/012be8ce0087bfbaa803,,1.760525508626302,0.9598444444444444
cv,dp-adam-momentum-bandinvmf,search,20261101,8.0,0.003,10,,34dc7ce78ba53a8cdb80,completed,0.6672,225,225,8.000000000000005,658.3253283128142,547.4825713131577,2.433255872502923,8398219776,8808038400,0,search/cv/34dc7ce78ba53a8cdb80,,1.7532112820095487,0.9152888888888889
cv,dp-adam-momentum-bandinvmf,search,20261101,8.0,0.003,30,,741ed3fd17554a0edb62,completed,0.6684,225,225,8.000000000000005,593.4424860142171,480.3890815973282,2.135062584877014,8398219776,8808038400,1,search/cv/741ed3fd17554a0edb62,,1.752284605577257,0.8347111111111111
cv,dp-adam-momentum-bandinvmf,search,20261101,8.0,0.003,100,,129c79bab90de92677b2,completed,0.6448,225,225,8.000000000000005,611.682811120525,491.6941696126014,2.185307420500451,8398219776,8808038400,2,search/cv/129c79bab90de92677b2,,1.944837164984809,0.5272
cv,dp-adam-momentum-bandinvmf,search,20261101,8.0,0.003,200,,37b7dabd5c23dc9f0fbe,completed,0.4328,225,225,8.000000000000005,609.3920747861266,494.1991236452013,2.1964405495342283,8398219776,8808038400,3,search/cv/37b7dabd5c23dc9f0fbe,,2.872905377875434,0.01911111111111111
cv,dp-adam-momentum-bandinvmf,search,20261101,8.0,0.005,3,,307efd6b5920cb87450f,completed,0.7098,225,225,8.000000000000005,658.8541674353182,541.8325886912644,2.408144838627842,8398219776,8808038400,0,search/cv/307efd6b5920cb87450f,,1.5744864210340712,0.8969333333333334
cv,dp-adam-momentum-bandinvmf,search,20261101,8.0,0.005,10,,ede1ca169957771f0804,completed,0.7114,225,225,8.000000000000005,592.8005400951952,480.35915391147137,2.134929572939873,8398219776,8808038400,1,search/cv/ede1ca169957771f0804,,1.5583585238986546,0.8418666666666667
cv,dp-adam-momentum-bandinvmf,search,20261101,8.0,0.005,30,,86ec3a0d4e59c0d5efde,completed,0.7138,225,225,8.000000000000005,599.5342481341213,485.21860687434673,2.1565271416637635,8398219776,8808038400,2,search/cv/86ec3a0d4e59c0d5efde,,1.5543367241753472,0.7595555555555555
cv,dp-adam-momentum-bandinvmf,search,20261101,8.0,0.005,100,,bc3757d457fcffbb3747,completed,0.69,225,225,8.000000000000005,611.9697862640023,493.3094774391502,2.192486566396223,8398219776,8808038400,3,search/cv/bc3757d457fcffbb3747,,1.676140522596571,0.5137555555555555
cv,dp-adam-momentum-bandinvmf,search,20261101,8.0,0.005,200,,b5da13a5b462fca577e4,completed,0.5546,225,225,8.000000000000005,591.8129209112376,478.4982425067574,2.1266588555855885,8398219776,8808038400,1,search/cv/b5da13a5b462fca577e4,,2.28602243109809,0.059533333333333334
cv,dp-adam-momentum-bandinvmf,search,20261101,8.0,0.007,3,,0cfbce25fdacfc32df69,completed,0.7018,225,225,8.000000000000005,653.1035240124911,541.0547858327627,2.404687937034501,8398219776,8808038400,0,search/cv/0cfbce25fdacfc32df69,,1.6049264255099827,0.8811777777777777
cv,dp-adam-momentum-bandinvmf,search,20261101,8.0,0.007,10,,4fd7f5b7a141787ddf67,completed,0.7058,225,225,8.000000000000005,601.2439844477922,485.83379514329135,2.1592613117479615,8398219776,8808038400,2,search/cv/4fd7f5b7a141787ddf67,,1.5849117872450087,0.8301111111111111
cv,dp-adam-momentum-bandinvmf,search,20261101,8.0,0.007,30,,e9c5fe014a04862856bb,completed,0.704,225,225,8.000000000000005,612.3990718629211,492.8983721677214,2.1906594318565396,8398219776,8808038400,3,search/cv/e9c5fe014a04862856bb,,1.575849856906467,0.7516888888888889
cv,dp-adam-momentum-bandinvmf,search,20261101,8.0,0.007,100,,f00c2cad89153ecdb259,completed,0.6834,225,225,8.000000000000005,588.3249907121062,477.89298156276345,2.1239688069456153,8398219776,8808038400,1,search/cv/f00c2cad89153ecdb259,,1.6877945170084636,0.5426
cv,dp-adam-momentum-bandinvmf,search,20261101,8.0,0.007,200,,b126ec6486c01a43746b,completed,0.5488,225,225,8.000000000000005,657.2423288282007,540.9682222753763,2.4043032101127837,8398219776,8808038400,0,search/cv/b126ec6486c01a43746b,,2.246138059488932,0.08008888888888889
cv,dp-adam-momentum-bias-bandinvmf,search,20261101,8.0,0.001,3,,83e075132fab98ee3fe1,completed,0.6348,225,225,8.000000000000005,598.6407938357443,484.27688132598996,2.1523416947821774,8398219776,8808038400,2,search/cv/83e075132fab98ee3fe1,,1.9029795884874132,0.9812222222222222
cv,dp-adam-momentum-bias-bandinvmf,search,20261101,8.0,0.001,10,,7928f802b17ce90112b4,completed,0.6366,225,225,8.000000000000005,599.8754088561982,490.3247941099107,2.1792213071551587,8398219776,8808038400,3,search/cv/7928f802b17ce90112b4,,1.899111861843533,0.9479777777777778
cv,dp-adam-momentum-bias-bandinvmf,search,20261101,8.0,0.001,30,,348ba9484a97ec1e410f,completed,0.6418,225,225,8.000000000000005,590.208055621013,478.1157919447869,2.124959075310164,8398219776,8808038400,1,search/cv/348ba9484a97ec1e410f,,1.898926373969184,0.8770888888888889
cv,dp-adam-momentum-bias-bandinvmf,search,20261101,8.0,0.001,100,,82e4159163f1e5795f2a,completed,0.601,225,225,8.000000000000005,600.3275937028229,487.2248224001378,2.1654436551117233,8398219776,8808038400,2,search/cv/82e4159163f1e5795f2a,,2.150728975423177,0.5300444444444444
cv,dp-adam-momentum-bias-bandinvmf,search,20261101,8.0,0.001,200,,4914d57cbdf1aec677a4,completed,0.3358,225,225,8.000000000000005,656.7500814590603,543.3971945866942,2.41509864260753,8398219776,8808038400,0,search/cv/4914d57cbdf1aec677a4,,3.2590463636610245,0.005666666666666667
cv,dp-adam-momentum-bias-bandinvmf,search,20261101,8.0,0.003,3,,2aa3f034525c08e5b327,completed,0.754,225,225,8.000000000000005,610.542252432555,493.61231307685375,2.1938325025637946,8398219776,8808038400,3,search/cv/2aa3f034525c08e5b327,,1.409681664360894,0.8216222222222223
cv,dp-adam-momentum-bias-bandinvmf,search,20261101,8.0,0.003,10,,5dae9671e37d99fa89b2,completed,0.76,225,225,8.000000000000005,593.4946914501488,480.4266187530011,2.135229416680005,8398219776,8808038400,1,search/cv/5dae9671e37d99fa89b2,,1.3868754136827257,0.7637111111111111
cv,dp-adam-momentum-bias-bandinvmf,search,20261101,8.0,0.003,30,,82fe908e77d6800c317c,completed,0.764,225,225,8.000000000000005,600.110460313037,487.29921503923833,2.1657742890632816,8398219776,8808038400,2,search/cv/82fe908e77d6800c317c,,1.3774908216688369,0.6803333333333333
cv,dp-adam-momentum-bias-bandinvmf,search,20261101,8.0,0.003,100,,343811484fc1b3589b44,completed,0.7464,225,225,8.000000000000005,657.9017385952175,542.5430843736976,2.411302597216434,8398219776,8808038400,0,search/cv/343811484fc1b3589b44,,1.458230160861545,0.46946666666666664
cv,dp-adam-momentum-bias-bandinvmf,search,20261101,8.0,0.003,200,,47be0ac835756a337bee,completed,0.6578,225,225,8.000000000000005,608.1503899097443,492.4375235661864,2.1886112158497175,8398219776,8808038400,3,search/cv/47be0ac835756a337bee,,1.8450883382161458,0.083
cv,dp-adam-momentum-bias-bandinvmf,search,20261101,8.0,0.005,3,,426db566d42e884d1ffe,completed,0.7444,225,225,8.000000000000005,595.241568941623,479.26824214681983,2.130081076208088,8398219776,8808038400,1,search/cv/426db566d42e884d1ffe,,1.4622396436903211,0.7925111111111112
cv,dp-adam-momentum-bias-bandinvmf,search,20261101,8.0,0.005,10,,aab7301cd0d4593a23b6,completed,0.7516,225,225,8.000000000000005,597.7743862010539,485.4533934686333,2.1575706376383703,8398219776,8808038400,2,search/cv/aab7301cd0d4593a23b6,,1.430830590142144,0.7376666666666667
cv,dp-adam-momentum-bias-bandinvmf,search,20261101,8.0,0.005,30,,30dbfe2ab109b3834976,completed,0.7522,225,225,8.000000000000005,610.7903294377029,492.7707606013864,2.190092269339495,8398219776,8808038400,3,search/cv/30dbfe2ab109b3834976,,1.4111103746202256,0.6648
cv,dp-adam-momentum-bias-bandinvmf,search,20261101,8.0,0.005,100,,f0c105f626e88bda218a,completed,0.7322,225,225,8.000000000000005,658.0758606940508,541.832353413105,2.408143792947133,8398219776,8808038400,0,search/cv/f0c105f626e88bda218a,,1.461731125217014,0.48904444444444445
cv,dp-adam-momentum-bias-bandinvmf,search,20261101,8.0,0.005,200,,9e05ea057606c7d852fd,completed,0.6586,225,225,8.000000000000005,587.014832418412,477.5870064776391,2.122608917678396,8398219776,8808038400,1,search/cv/9e05ea057606c7d852fd,,1.7761727532280815,0.1077111111111111
cv,dp-adam-momentum-bias-bandinvmf,search,20261101,8.0,0.007,3,,e4439c93fa6851990966,completed,0.6924,225,225,8.000000000000005,592.9480481445789,483.02588724158704,2.14678172107372,8398219776,8808038400,2,search/cv/e4439c93fa6851990966,,1.6553640855577256,0.8274888888888889
cv,dp-adam-momentum-bias-bandinvmf,search,20261101,8.0,0.007,10,,e1b1b5d8695566981ca0,completed,0.6916,225,225,8.000000000000005,606.9644552115351,491.4230205565691,2.1841023135847517,8398219776,8808038400,3,search/cv/e1b1b5d8695566981ca0,,1.6227537780761718,0.7801111111111111
cv,dp-adam-momentum-bias-bandinvmf,search,20261101,8.0,0.007,30,,ac48b76f5cb6a0840e26,completed,0.6898,225,225,8.000000000000005,654.9660346675664,537.9297987818718,2.3907991056972078,8398219776,8808038400,0,search/cv/ac48b76f5cb6a0840e26,,1.6007368252224392,0.7131777777777778
cv,dp-adam-momentum-bias-bandinvmf,search,20261101,8.0,0.007,100,,8e8424d6a8d2bb240ccd,completed,0.6714,225,225,8.000000000000005,599.7882771510631,479.58643881604075,2.131495283626848,8398219776,8808038400,1,search/cv/8e8424d6a8d2bb240ccd,,1.6540324903700088,0.5488222222222222
cv,dp-adam-momentum-bias-bandinvmf,search,20261101,8.0,0.007,200,,e82eb75139c29f4a4277,completed,0.5732,225,225,8.000000000000005,593.6532045807689,483.5351898204535,2.1490452880909046,8398219776,8808038400,2,search/cv/e82eb75139c29f4a4277,,2.0545772874620227,0.10175555555555556
cv,dp-adam-sgd-bandinvmf-scale,search,20261101,8.0,0.001,30,0.05,acf166fa140aefccaa2a,completed,0.6744,225,225,8.000000000000005,570.2352575343102,455.4381289295852,2.024169461909268,8619793408,9196011520,3,search/cv/acf166fa140aefccaa2a,,1.6808213019476996,0.9576444444444444
cv,dp-adam-sgd-bandinvmf-scale,search,20261101,8.0,0.001,30,0.1,4f3248ce201345284d9b,completed,0.6782,225,225,8.000000000000005,598.3514055460691,487.0926364660263,2.164856162071228,8619793408,9196011520,0,search/cv/4f3248ce201345284d9b,,1.6753823682996962,0.9370444444444445
cv,dp-adam-sgd-bandinvmf-scale,search,20261101,8.0,0.001,30,0.3,ba0d5d3ef529577c6030,completed,0.6846,225,225,8.000000000000005,559.9482286963612,445.32786661200225,1.97923496272001,8619793408,9196011520,1,search/cv/ba0d5d3ef529577c6030,,1.6658672824435763,0.8899111111111111
cv,dp-adam-sgd-bandinvmf-scale,search,20261101,8.0,0.001,100,0.05,e0852daa20cc1643ea5a,completed,0.6824,225,225,8.000000000000005,565.3809700012207,451.6544436402619,2.0073530828456083,8619793408,9196011520,2,search/cv/e0852daa20cc1643ea5a,,1.6661326307508681,0.9102222222222223
cv,dp-adam-sgd-bandinvmf-scale,search,20261101,8.0,0.001,100,0.1,9c0d8b7c1fdc4ffbb123,completed,0.6878,225,225,8.000000000000005,575.1353622861207,456.52717463858426,2.0290096650603746,8619793408,9196011520,3,search/cv/9c0d8b7c1fdc4ffbb123,,1.6607971801757813,0.8736444444444444
cv,dp-adam-sgd-bandinvmf-scale,search,20261101,8.0,0.001,100,0.3,53b6a62a38b6008eca61,completed,0.693,225,225,8.000000000000005,603.067973734811,490.0340672172606,2.1779291876322695,8619793408,9196011520,0,search/cv/53b6a62a38b6008eca61,,1.6636692152235244,0.7802888888888889
cv,dp-adam-sgd-bandinvmf-scale,search,20261101,8.0,0.001,200,0.05,82e757b49b84d1dae6f0,completed,0.6902,225,225,8.000000000000005,555.7872128784657,444.0747119039297,1.9736653862396876,8619793408,9196011520,1,search/cv/82e757b49b84d1dae6f0,,1.65329562242296,0.8541111111111112
cv,dp-adam-sgd-bandinvmf-scale,search,20261101,8.0,0.001,200,0.1,07f9687e57b929262fb3,completed,0.693,225,225,8.000000000000005,566.4028765168041,450.2901673745364,2.0012896327757175,8619793408,9196011520,2,search/cv/07f9687e57b929262fb3,,1.6553782484266493,0.7941111111111111
cv,dp-adam-sgd-bandinvmf-scale,search,20261101,8.0,0.001,200,0.3,040ef6c43e99537585ef,completed,0.6728,225,225,8.000000000000005,571.4742909315974,455.87871596217155,2.0261276264985404,8619793408,9196011520,3,search/cv/040ef6c43e99537585ef,,1.78375599093967,0.5378
cv,dp-adam-sgd-bandinvmf-scale,search,20261101,8.0,0.003,30,0.05,88533c576f698ea21204,completed,0.7044,225,225,8.000000000000005,600.9935242850333,489.7765809837729,2.176784804372324,8619793408,9196011520,0,search/cv/88533c576f698ea21204,,1.630061708577474,0.8599777777777777
cv,dp-adam-sgd-bandinvmf-scale,search,20261101,8.0,0.003,30,0.1,8aef3f7db5fb95ac418e,completed,0.7072,225,225,8.000000000000005,559.348491827026,444.6193221844733,1.9760858763754368,8619793408,9196011520,1,search/cv/8aef3f7db5fb95ac418e,,1.6136575697157118,0.8387555555555556
cv,dp-adam-sgd-bandinvmf-scale,search,20261101,8.0,0.003,30,0.3,6dcdbf0a9596b6a6e27f,completed,0.7078,225,225,8.000000000000005,559.7888656929135,448.8069027569145,1.9946973455862866,8619793408,9196011520,2,search/cv/6dcdbf0a9596b6a6e27f,,1.5912081142849392,0.7962222222222223
cv,dp-adam-sgd-bandinvmf-scale,search,20261101,8.0,0.003,100,0.05,2f5d5195191329e43c45,completed,0.7094,225,225,8.000000000000005,568.8825765661895,456.49333645775914,2.028859273145596,8619793408,9196011520,3,search/cv/2f5d5195191329e43c45,,1.5940405612521702,0.8131111111111111
cv,dp-adam-sgd-bandinvmf-scale,search,20261101,8.0,0.003,100,0.1,7d0f295df34eb39bf7e6,completed,0.7112,225,225,8.000000000000005,610.0363987255841,491.65742217190564,2.185144098541803,8619793408,9196011520,0,search/cv/7d0f295df34eb39bf7e6,,1.5813724405924479,0.7803111111111111
cv,dp-adam-sgd-bandinvmf-scale,search,20261101,8.0,0.003,100,0.3,44f1ae7d678234ad0fc6,completed,0.7058,225,225,8.000000000000005,554.3390102926642,443.85583457909524,1.9726925981293122,8619793408,9196011520,1,search/cv/44f1ae7d678234ad0fc6,,1.5724854193793403,0.7056666666666667
cv,dp-adam-sgd-bandinvmf-scale,search,20261101,8.0,0.003,200,0.05,6388317f796d2fceb8cc,completed,0.7104,225,225,8.000000000000005,568.7599288765341,451.7012731041759,2.0075612137963375,8619793408,9196011520,2,search/cv/6388317f796d2fceb8cc,,1.5767490953233507,0.7645111111111111
cv,dp-adam-sgd-bandinvmf-scale,search,20261101,8.0,0.003,200,0.1,8d2b60377c2dc50ee376,completed,0.7096,225,225,8.000000000000005,563.6710646916181,454.1355354692787,2.018380157641239,8619793408,9196011520,3,search/cv/8d2b60377c2dc50ee376,,1.5711724419487847,0.7170888888888889
cv,dp-adam-sgd-bandinvmf-scale,search,20261101,8.0,0.003,200,0.3,a2892ca4a7c2a4d86411,completed,0.6904,225,225,8.000000000000005,607.8282415084541,491.0865435935557,2.182606860415803,8619793408,9196011520,0,search/cv/a2892ca4a7c2a4d86411,,1.6155777920193142,0.5638444444444445
cv,dp-adam-sgd-bandinvmf-scale,search,20261101,8.0,0.005,30,0.05,d4efc0ca7453acf7f387,completed,0.5742,225,225,8.000000000000005,553.5605196673423,442.17106133699417,1.9652047170533073,8619793408,9196011520,1,search/cv/d4efc0ca7453acf7f387,,2.0981143568250866,0.9235555555555556
cv,dp-adam-sgd-bandinvmf-scale,search,20261101,8.0,0.005,30,0.1,b235561334a4dba91190,completed,0.5776,225,225,8.000000000000005,561.1230401657522,448.4960477463901,1.9933157677617337,8619793408,9196011520,2,search/cv/b235561334a4dba91190,,2.0837888292100692,0.9106222222222222
cv,dp-adam-sgd-bandinvmf-scale,search,20261101,8.0,0.005,30,0.3,a8ee027b3834b59ad9e8,completed,0.5762,225,225,8.000000000000005,567.3798350207508,454.25012148171663,2.0188894288076296,8619793408,9196011520,3,search/cv/a8ee027b3834b59ad9e8,,2.0634789998372396,0.8799333333333333
cv,dp-adam-sgd-bandinvmf-scale,search,20261101,8.0,0.005,100,0.05,7f69fe133f0bdd57a7de,completed,0.5774,225,225,8.000000000000005,561.44314879179,444.2291110176593,1.9743516045229303,8619793408,9196011520,1,search/cv/7f69fe133f0bdd57a7de,,2.0575581115722654,0.8889111111111111
cv,dp-adam-sgd-bandinvmf-scale,search,20261101,8.0,0.005,100,0.1,568995f56a6295c3b927,completed,0.575,225,225,8.000000000000005,598.6978181134909,486.63632617890835,2.162828116350704,8619793408,9196011520,0,search/cv/568995f56a6295c3b927,,2.0452120951334636,0.8674222222222222
cv,dp-adam-sgd-bandinvmf-scale,search,20261101,8.0,0.005,100,0.3,24c58ef95fbcab117df0,completed,0.5712,225,225,8.000000000000005,558.241162341088,446.0337137058377,1.9823720609148343,8619793408,9196011520,2,search/cv/24c58ef95fbcab117df0,,2.033140123155382,0.8131333333333334
cv,dp-adam-sgd-bandinvmf-scale,search,20261101,8.0,0.005,200,0.05,5359900027b6eb97f559,completed,0.5712,225,225,8.000000000000005,573.8937754444778,456.0520207993686,2.026897870219416,8619793408,9196011520,3,search/cv/5359900027b6eb97f559,,2.0398262247721353,0.8554
cv,dp-adam-sgd-bandinvmf-scale,search,20261101,8.0,0.005,200,0.1,1e5cf25a6b74f39a9128,completed,0.5668,225,225,8.000000000000005,560.6566429100931,443.0388276260346,1.9690614561157094,8619793408,9196011520,1,search/cv/1e5cf25a6b74f39a9128,,2.0322885464138456,0.8211333333333334
cv,dp-adam-sgd-bandinvmf-scale,search,20261101,8.0,0.005,200,0.3,90253cc39dc34e0c45ad,completed,0.5476,225,225,8.000000000000005,597.1212821621448,486.2594755254686,2.1611532245576384,8619793408,9196011520,0,search/cv/90253cc39dc34e0c45ad,,2.0636706353081595,0.7035777777777777
cv,dp-adam-sgd-bandinvmf-scale,search,20261101,8.0,0.007,30,0.05,07f8544288bfeba4064e,completed,0.4148,225,225,8.000000000000005,563.2562528345734,446.4491864684969,1.984218606526653,8619793408,9196011520,2,search/cv/07f8544288bfeba4064e,,2.649099631076389,0.9795555555555555
cv,dp-adam-sgd-bandinvmf-scale,search,20261101,8.0,0.007,30,0.1,8f85f9f01ad8b3340abd,completed,0.4178,225,225,8.000000000000005,566.9629722647369,454.80927455984056,2.0213745535992915,8619793408,9196011520,3,search/cv/8f85f9f01ad8b3340abd,,2.6417443345811633,0.9732888888888889
cv,dp-adam-sgd-bandinvmf-scale,search,20261101,8.0,0.007,30,0.3,3aa8fe0dae770237beba,completed,0.4158,225,225,8.000000000000005,555.7008466329426,441.73722866363823,1.9632765718383922,8619793408,9196011520,1,search/cv/3aa8fe0dae770237beba,,2.6273514607747397,0.9580444444444445
cv,dp-adam-sgd-bandinvmf-scale,search,20261101,8.0,0.007,100,0.05,211566a7da5ba4e87ec1,completed,0.4234,225,225,8.000000000000005,601.8084975872189,486.67063252069056,2.162980588980847,8619793408,9196011520,0,search/cv/211566a7da5ba4e87ec1,,2.6093211547851562,0.9621777777777778
cv,dp-adam-sgd-bandinvmf-scale,search,20261101,8.0,0.007,100,0.1,a3426a968cb49442e300,completed,0.4208,225,225,8.000000000000005,559.667819198221,446.51400520280004,1.9845066897902224,8619793408,9196011520,2,search/cv/a3426a968cb49442e300,,2.598037004937066,0.9494444444444444
cv,dp-adam-sgd-bandinvmf-scale,search,20261101,8.0,0.007,100,0.3,6512f7f2652ece717e67,completed,0.4198,225,225,8.000000000000005,562.4379115700722,452.3047141879797,2.0102431741687985,8619793408,9196011520,3,search/cv/6512f7f2652ece717e67,,2.585659452311198,0.9145555555555556
cv,dp-adam-sgd-bandinvmf-scale,search,20261101,8.0,0.007,200,0.05,1b41d1286213dd01ab7a,completed,0.4264,225,225,8.000000000000005,559.7508669272065,443.98678369261324,1.973274594189392,8619793408,9196011520,1,search/cv/1b41d1286213dd01ab7a,,2.5906715060763887,0.9418222222222222
cv,dp-adam-sgd-bandinvmf-scale,search,20261101,8.0,0.007,200,0.1,accd23eebd8d5c35d9fa,completed,0.4192,225,225,8.000000000000005,601.6032313406467,486.57626766711473,2.1625611896316213,8619793408,9196011520,0,search/cv/accd23eebd8d5c35d9fa,,2.582825920952691,0.9197555555555555
cv,dp-adam-sgd-bandinvmf-scale,search,20261101,8.0,0.007,200,0.3,67ac3bef200ded2e7a19,completed,0.3968,225,225,8.000000000000005,562.8072205428034,447.42571235634387,1.9885587215837506,8619793408,9196011520,2,search/cv/67ac3bef200ded2e7a19,,2.6168696533203124,0.8157555555555556
cv,dp-adam-momentum-bandinvmf-scale,search,20261101,8.0,0.001,30,0.05,7645b51afa485a79f70d,completed,0.4044,225,225,8.000000000000005,563.0281637031585,453.3136120159179,2.0147271645151905,8619793408,9196011520,3,search/cv/7645b51afa485a79f70d,,2.932695285373264,1.0
cv,dp-adam-momentum-bandinvmf-scale,search,20261101,8.0,0.001,30,0.1,0a7fea4513a60a5a61c0,completed,0.4044,225,225,8.000000000000005,552.7252103760839,441.5608430262655,1.9624926356722912,8619793408,9196011520,1,search/cv/0a7fea4513a60a5a61c0,,2.932694349500868,1.0
cv,dp-adam-momentum-bandinvmf-scale,search,20261101,8.0,0.001,30,0.3,6deed00995f2b6270e8d,completed,0.4044,225,225,8.000000000000005,601.5945642460138,487.4533858578652,2.166459492701623,8619793408,9196011520,0,search/cv/6deed00995f2b6270e8d,,2.9326950656467012,0.9999111111111111
cv,dp-adam-momentum-bandinvmf-scale,search,20261101,8.0,0.001,100,0.05,e0150742e85f61305407,completed,0.4174,225,225,8.000000000000005,566.9171942099929,450.62834707833827,2.0027926536815035,8619793408,9196011520,2,search/cv/e0150742e85f61305407,,2.8737959730360245,0.9994888888888889
cv,dp-adam-momentum-bandinvmf-scale,search,20261101,8.0,0.001,100,0.1,9fc366edeb24bdead1d7,completed,0.4178,225,225,8.000000000000005,563.6938002798706,453.8225322831422,2.016989032369521,8619793408,9196011520,3,search/cv/9fc366edeb24bdead1d7,,2.87378342827691,0.9943111111111111
cv,dp-adam-momentum-bandinvmf-scale,search,20261101,8.0,0.001,100,0.3,f2a3efe2290d0c54e6a1,completed,0.3876,225,225,8.000000000000005,551.5383311361074,441.66061664000154,1.9629360739555624,8619793408,9196011520,1,search/cv/f2a3efe2290d0c54e6a1,,3.035565308973524,0.8413111111111111
cv,dp-adam-momentum-bandinvmf-scale,search,20261101,8.0,0.001,200,0.05,519044ec27b34bd23527,completed,0.2646,225,225,8.000000000000005,566.4585965834558,449.4109833352268,1.9973821481565635,8619793408,9196011520,2,search/cv/519044ec27b34bd23527,,3.4846274169921876,0.004
cv,dp-adam-momentum-bandinvmf-scale,search,20261101,8.0,0.001,200,0.1,1614c2ef15027179d8e2,completed,0.0966,225,225,8.000000000000005,604.4294422268867,488.46359895914793,2.1709493287073243,8619793408,9196011520,0,search/cv/1614c2ef15027179d8e2,,4.1832685289171,0.0
cv,dp-adam-momentum-bandinvmf-scale,search,20261101,8.0,0.001,200,0.3,eb4e321d3b16a6d4ad40,completed,0.0244,225,225,8.000000000000005,563.3549449406564,453.8639204390347,2.017172979729043,8619793408,9196011520,3,search/cv/eb4e321d3b16a6d4ad40,,4.558003423394097,0.0
cv,dp-adam-momentum-bandinvmf-scale,search,20261101,8.0,0.003,30,0.05,db2ee0d139ce45e3904b,completed,0.6642,225,225,8.000000000000005,556.2933605350554,442.94094617292285,1.9686264274352128,8619793408,9196011520,1,search/cv/db2ee0d139ce45e3904b,,1.7494652004665798,0.9696444444444444
cv,dp-adam-momentum-bandinvmf-scale,search,20261101,8.0,0.003,30,0.1,6c29210c4984525bbdec,completed,0.6662,225,225,8.000000000000005,565.8899483624846,449.1247106101364,1.9961098249339395,8619793408,9196011520,2,search/cv/6c29210c4984525bbdec,,1.745674190266927,0.9512888888888889
cv,dp-adam-momentum-bandinvmf-scale,search,20261101,8.0,0.003,30,0.3,ce8e347b7843eff7daf3,completed,0.6698,225,225,8.000000000000005,602.3808525688946,488.40156069397926,2.170673603084352,8619793408,9196011520,0,search/cv/ce8e347b7843eff7daf3,,1.7387878119574653,0.9053555555555556
cv,dp-adam-momentum-bandinvmf-scale,search,20261101,8.0,0.003,100,0.05,88b34c6ea44d58e522de,completed,0.6756,225,225,8.000000000000005,575.5268936995417,456.6835540160537,2.029704684515794,8619793408,9196011520,3,search/cv/88b34c6ea44d58e522de,,1.7133301649305555,0.8871777777777777
cv,dp-adam-momentum-bandinvmf-scale,search,20261101,8.0,0.003,100,0.1,569efa4b86f5cd1e9bf1,completed,0.678,225,225,8.000000000000005,562.1784094721079,443.7913090027869,1.972405817790164,8619793408,9196011520,1,search/cv/569efa4b86f5cd1e9bf1,,1.7125016452365451,0.8346222222222223
cv,dp-adam-momentum-bandinvmf-scale,search,20261101,8.0,0.003,100,0.3,c6b4374fd48ea0b39b11,completed,0.6726,225,225,8.000000000000005,557.626588575542,447.0274627543986,1.9867887233528827,8619793408,9196011520,2,search/cv/c6b4374fd48ea0b39b11,,1.7605773701985676,0.631
cv,dp-adam-momentum-bandinvmf-scale,search,20261101,8.0,0.003,200,0.05,01fa70379fc1a73de43c,completed,0.642,225,225,8.000000000000005,605.2628405671567,488.30411465093493,2.170240509559711,8619793408,9196011520,0,search/cv/01fa70379fc1a73de43c,,1.8944584560818143,0.09204444444444444
cv,dp-adam-momentum-bandinvmf-scale,search,20261101,8.0,0.003,200,0.1,650354b650962da2ef59,completed,0.4696,225,225,8.000000000000005,568.2137835156173,453.48189486190677,2.0154750882751413,8619793408,9196011520,3,search/cv/650354b650962da2ef59,,2.622601856825087,0.0007111111111111111
cv,dp-adam-momentum-bandinvmf-scale,search,20261101,8.0,0.003,200,0.3,565dd413221037b30c7c,completed,0.1148,225,225,8.000000000000005,562.3437699731439,442.2391451150179,1.9655073116223016,8619793408,9196011520,1,search/cv/565dd413221037b30c7c,,4.108337175835503,0.0
cv,dp-adam-momentum-bandinvmf-scale,search,20261101,8.0,0.005,30,0.05,8ebc819c08a0078115fd,completed,0.711,225,225,8.000000000000005,565.0353135988116,447.87328388914466,1.9905479283961984,8619793408,9196011520,2,search/cv/8ebc819c08a0078115fd,,1.5594444444444444,0.9073333333333333
cv,dp-adam-momentum-bandinvmf-scale,search,20261101,8.0,0.005,30,0.1,2ce32e3e8e6bfd673062,completed,0.712,225,225,8.000000000000005,564.7457282636315,453.45161390677094,2.0153405062523153,8619793408,9196011520,3,search/cv/2ce32e3e8e6bfd673062,,1.548656711154514,0.8814
cv,dp-adam-momentum-bandinvmf-scale,search,20261101,8.0,0.005,30,0.3,9098566363b511a1d0e8,completed,0.7152,225,225,8.000000000000005,597.2712964508682,486.8989009447396,2.1639951153099535,8619793408,9196011520,0,search/cv/9098566363b511a1d0e8,,1.5341509684244792,0.828
cv,dp-adam-momentum-bandinvmf-scale,search,20261101,8.0,0.005,100,0.05,dbf8877cdcc07f294e1e,completed,0.72,225,225,8.000000000000005,559.887958817184,445.0647744126618,1.9780656640562746,8619793408,9196011520,1,search/cv/dbf8877cdcc07f294e1e,,1.5191702358669705,0.8102444444444444
cv,dp-adam-momentum-bandinvmf-scale,search,20261101,8.0,0.005,100,0.1,dd09d6c085d9827ce221,completed,0.7212,225,225,8.000000000000005,559.2175326626748,446.7334549818188,1.985482022141417,8619793408,9196011520,2,search/cv/dd09d6c085d9827ce221,,1.5161988952636718,0.7571111111111111
cv,dp-adam-momentum-bandinvmf-scale,search,20261101,8.0,0.005,100,0.3,e049f14bedcce05775bd,completed,0.7164,225,225,8.000000000000005,571.3601047378033,453.42043462768197,2.0152019316785865,8619793408,9196011520,3,search/cv/e049f14bedcce05775bd,,1.5472548597547744,0.5771555555555555
cv,dp-adam-momentum-bandinvmf-scale,search,20261101,8.0,0.005,200,0.05,59ec08b24595100eb091,completed,0.685,225,225,8.000000000000005,600.8309048619121,485.37279573082924,2.157212425470352,8619793408,9196011520,0,search/cv/59ec08b24595100eb091,,1.6597850009494357,0.12324444444444445
cv,dp-adam-momentum-bandinvmf-scale,search,20261101,8.0,0.005,200,0.1,c97364b1c438d118fdf3,completed,0.5892,225,225,8.000000000000005,556.1296837311238,442.54992152377963,1.9668885401056873,8619793408,9196011520,1,search/cv/c97364b1c438d118fdf3,,2.1133434997558593,0.0026444444444444445
cv,dp-adam-momentum-bandinvmf-scale,search,20261101,8.0,0.005,200,0.3,10a0367d343c6ccc61ba,completed,0.2126,225,225,8.000000000000005,566.9010260794312,448.0038907919079,1.9911284035195906,8619793408,9196011520,2,search/cv/10a0367d343c6ccc61ba,,3.6462879964192707,0.0
cv,dp-adam-momentum-bandinvmf-scale,search,20261101,8.0,0.007,30,0.05,33ad84a6eb7ee8ba8155,completed,0.7114,225,225,8.000000000000005,569.4149832744151,454.9998436216265,2.022221527207229,8619793408,9196011520,3,search/cv/33ad84a6eb7ee8ba8155,,1.5714055182562934,0.8854444444444445
cv,dp-adam-momentum-bandinvmf-scale,search,20261101,8.0,0.007,30,0.1,26f818697aad4e679b2a,completed,0.7118,225,225,8.000000000000005,601.0218184832484,487.4464385956526,2.1664286159806783,8619793408,9196011520,0,search/cv/26f818697aad4e679b2a,,1.557993192545573,0.8619555555555556
cv,dp-adam-momentum-bandinvmf-scale,search,20261101,8.0,0.007,30,0.3,e62e5cddb7ea4ab78f8a,completed,0.7134,225,225,8.000000000000005,548.3560454268008,439.4494423009455,1.9531086324486469,8619793408,9196011520,1,search/cv/e62e5cddb7ea4ab78f8a,,1.539580706108941,0.8095555555555556
cv,dp-adam-momentum-bandinvmf-scale,search,20261101,8.0,0.007,100,0.05,d0d97ec4ddad9c797ba3,completed,0.7188,225,225,8.000000000000005,561.8013007864356,448.089441716671,1.9915086298518712,8619793408,9196011520,2,search/cv/d0d97ec4ddad9c797ba3,,1.5227366685655381,0.7916666666666666
cv,dp-adam-momentum-bandinvmf-scale,search,20261101,8.0,0.007,100,0.1,966c1c869300724b5682,completed,0.7178,225,225,8.000000000000005,571.9708640426397,456.01325223222375,2.02672556547655,8619793408,9196011520,3,search/cv/966c1c869300724b5682,,1.5166827528211806,0.7401777777777778
cv,dp-adam-momentum-bandinvmf-scale,search,20261101,8.0,0.007,100,0.3,a5dbf0458218fe02139f,completed,0.7144,225,225,8.000000000000005,604.2495297603309,489.0329421274364,2.173479742788606,8619793408,9196011520,0,search/cv/a5dbf0458218fe02139f,,1.5380254245334202,0.58
cv,dp-adam-momentum-bandinvmf-scale,search,20261101,8.0,0.007,200,0.05,a50d9140299bfc0d817f,completed,0.6816,225,225,8.000000000000005,557.9679883029312,443.4198500663042,1.9707548891835742,8619793408,9196011520,1,search/cv/a50d9140299bfc0d817f,,1.6607909240722656,0.14208888888888888
cv,dp-adam-momentum-bandinvmf-scale,search,20261101,8.0,0.007,200,0.1,5a153834630e1b0bafb6,completed,0.5914,225,225,8.000000000000005,563.3796297442168,448.19614005088806,1.9919828446706136,8619793408,9196011520,2,search/cv/5a153834630e1b0bafb6,,2.0498834411621094,0.0026
cv,dp-adam-momentum-bandinvmf-scale,search,20261101,8.0,0.007,200,0.3,ae465e6869042051d2fe,completed,0.2392,225,225,8.000000000000005,574.1168209724128,456.6668257433921,2.029630336637298,8619793408,9196011520,3,search/cv/ae465e6869042051d2fe,,3.518211329481337,0.0
cv,dp-adam-momentum-bias-bandinvmf-scale,search,20261101,8.0,0.001,30,0.05,4651bd25b3a7d7e719e1,completed,0.6362,225,225,8.000000000000005,611.0425111930817,490.17687320522964,2.1785638809121317,8619793408,9196011520,0,search/cv/4651bd25b3a7d7e719e1,,1.9015886861165365,0.9893111111111111
cv,dp-adam-momentum-bias-bandinvmf-scale,search,20261101,8.0,0.001,30,0.1,da5157b86f4b8cc029f6,completed,0.6356,225,225,8.000000000000005,562.2806351762265,445.4944825042039,1.9799754777964618,8619793408,9196011520,1,search/cv/da5157b86f4b8cc029f6,,1.9000980075412326,0.9791777777777778
cv,dp-adam-momentum-bias-bandinvmf-scale,search,20261101,8.0,0.001,30,0.3,af7ee654b6b4bc014331,completed,0.6376,225,225,8.000000000000005,560.7694780547172,447.4045502319932,1.9884646676977475,8619793408,9196011520,2,search/cv/af7ee654b6b4bc014331,,1.8964859741210938,0.9482666666666667
cv,dp-adam-momentum-bias-bandinvmf-scale,search,20261101,8.0,0.001,100,0.05,327120b0c0e3c90c5c64,completed,0.6384,225,225,8.000000000000005,570.8635096084327,454.90855642966926,2.0218158063540854,8619793408,9196011520,3,search/cv/327120b0c0e3c90c5c64,,1.889898663330078,0.9597111111111111
cv,dp-adam-momentum-bias-bandinvmf-scale,search,20261101,8.0,0.001,100,0.1,5d3dc7dedee3a3f6eb98,completed,0.6406,225,225,8.000000000000005,555.2877421528101,441.5634643062949,1.962504285805755,8619793408,9196011520,1,search/cv/5d3dc7dedee3a3f6eb98,,1.8876534294976128,0.9304888888888889
cv,dp-adam-momentum-bias-bandinvmf-scale,search,20261101,8.0,0.001,100,0.3,83b63ef928322f9e4d2d,completed,0.6444,225,225,8.000000000000005,603.2294415403157,487.7643398512155,2.1678415104498465,8619793408,9196011520,0,search/cv/83b63ef928322f9e4d2d,,1.892308533393012,0.8348444444444444
cv,dp-adam-momentum-bias-bandinvmf-scale,search,20261101,8.0,0.001,200,0.05,a71b47f9b74ad39d727e,completed,0.6454,225,225,8.000000000000005,559.1269800085574,446.85101739130914,1.9860045217391518,8619793408,9196011520,2,search/cv/a71b47f9b74ad39d727e,,1.8680188205295138,0.8970444444444444
cv,dp-adam-momentum-bias-bandinvmf-scale,search,20261101,8.0,0.001,200,0.1,597268c2d36d0f7cf3de,completed,0.6488,225,225,8.000000000000005,571.9146653022617,454.7795269228518,2.0212423418793413,8619793408,9196011520,3,search/cv/597268c2d36d0f7cf3de,,1.8739144585503473,0.8230222222222222
cv,dp-adam-momentum-bias-bandinvmf-scale,search,20261101,8.0,0.001,200,0.3,1a227b0b3318682095b3,completed,0.5614,225,225,8.000000000000005,551.2688923738897,442.936014899984,1.9686045106665955,8619793408,9196011520,1,search/cv/1a227b0b3318682095b3,,2.3248693861219616,0.23164444444444443
cv,dp-adam-momentum-bias-bandinvmf-scale,search,20261101,8.0,0.003,30,0.05,0a67add1810abf003920,completed,0.753,225,225,8.000000000000005,601.9603512994945,485.9787464197725,2.1599055396434332,8619793408,9196011520,0,search/cv/0a67add1810abf003920,,1.4176631930881076,0.8414666666666667
cv,dp-adam-momentum-bias-bandinvmf-scale,search,20261101,8.0,0.003,30,0.1,3f2e5d8a22f2ba774fa7,completed,0.7568,225,225,8.000000000000005,560.9903722368181,445.8354783207178,1.981491014758746,8619793408,9196011520,2,search/cv/3f2e5d8a22f2ba774fa7,,1.4018349982367622,0.8160444444444445
cv,dp-adam-momentum-bias-bandinvmf-scale,search,20261101,8.0,0.003,30,0.3,90f88fbbc770724d8655,completed,0.76,225,225,8.000000000000005,570.3786171339452,455.97445740923285,2.026553144041035,8619793408,9196011520,3,search/cv/90f88fbbc770724d8655,,1.3810540988498263,0.7628
cv,dp-adam-momentum-bias-bandinvmf-scale,search,20261101,8.0,0.003,100,0.05,1e8aa9c0643cf63ed1a9,completed,0.761,225,225,8.000000000000005,559.517734978348,443.3172144535929,1.9702987309048574,8619793408,9196011520,1,search/cv/1e8aa9c0643cf63ed1a9,,1.3776039706759982,0.7769555555555555
cv,dp-adam-momentum-bias-bandinvmf-scale,search,20261101,8.0,0.003,100,0.1,5c22adc76ec963064ec5,completed,0.763,225,225,8.000000000000005,600.248752227053,485.2762728855014,2.156783435046673,8619793408,9196011520,0,search/cv/5c22adc76ec963064ec5,,1.3667128309461805,0.7372444444444445
cv,dp-adam-momentum-bias-bandinvmf-scale,search,20261101,8.0,0.003,100,0.3,67aae6f0e5cee109a7ae,completed,0.7646,225,225,8.000000000000005,559.5922273974866,446.1524227615446,1.982899656717976,8619793408,9196011520,2,search/cv/67aae6f0e5cee109a7ae,,1.3630762871636284,0.6384888888888889
cv,dp-adam-momentum-bias-bandinvmf-scale,search,20261101,8.0,0.003,200,0.05,15e400bf0d76ea3817cd,completed,0.7672,225,225,8.000000000000005,571.0858105327934,454.1893031857908,2.018619125270181,8619793408,9196011520,3,search/cv/15e400bf0d76ea3817cd,,1.3547505174424914,0.6987111111111111
cv,dp-adam-momentum-bias-bandinvmf-scale,search,20261101,8.0,0.003,200,0.1,613c6b596b5a4da81e1e,completed,0.765,225,225,8.000000000000005,560.4130295291543,444.084909837693,1.9737107103897467,8619793408,9196011520,1,search/cv/613c6b596b5a4da81e1e,,1.3553496602376303,0.6280444444444444
cv,dp-adam-momentum-bias-bandinvmf-scale,search,20261101,8.0,0.003,200,0.3,347a9ca24520094bd734,completed,0.732,225,225,8.000000000000005,598.8607265856117,485.87651891447604,2.159451195175449,8619793408,9196011520,0,search/cv/347a9ca24520094bd734,,1.4772675652398004,0.3237555555555556
cv,dp-adam-momentum-bias-bandinvmf-scale,search,20261101,8.0,0.005,30,0.05,77c465d1c600802c4ad4,completed,0.746,225,225,8.000000000000005,559.038668686524,445.39100430719554,1.9795155746986468,8619793408,9196011520,2,search/cv/77c465d1c600802c4ad4,,1.4673755784776477,0.8084888888888889
cv,dp-adam-momentum-bias-bandinvmf-scale,search,20261101,8.0,0.005,30,0.1,8e80faa19a77cbd103ca,completed,0.751,225,225,8.000000000000005,576.6780360843986,455.7975534144789,2.0257669040643504,8619793408,9196011520,3,search/cv/8e80faa19a77cbd103ca,,1.4473251559787326,0.7841777777777778
cv,dp-adam-momentum-bias-bandinvmf-scale,search,20261101,8.0,0.005,30,0.3,ae6ae616eac522759a62,completed,0.7542,225,225,8.000000000000005,561.6748013794422,444.0572463609278,1.9735877616041237,8619793408,9196011520,1,search/cv/ae6ae616eac522759a62,,1.4185319424099392,0.7340888888888889
cv,dp-adam-momentum-bias-bandinvmf-scale,search,20261101,8.0,0.005,100,0.05,8aacdd4a33a03ee77548,completed,0.7572,225,225,8.000000000000005,595.5148166548461,484.7062325011939,2.154249922227528,8619793408,9196011520,0,search/cv/8aacdd4a33a03ee77548,,1.410260696750217,0.7439111111111111
cv,dp-adam-momentum-bias-bandinvmf-scale,search,20261101,8.0,0.005,100,0.1,bec330a0bd71bed829d4,completed,0.7566,225,225,8.000000000000005,553.979052927345,444.62184097990394,1.9760970710217953,8619793408,9196011520,2,search/cv/bec330a0bd71bed829d4,,1.3934419616699218,0.7076444444444444
cv,dp-adam-momentum-bias-bandinvmf-scale,search,20261101,8.0,0.005,100,0.3,42826768341c5c7628cb,completed,0.7534,225,225,8.000000000000005,571.5783341471106,455.1112117227167,2.0227164965454074,8619793408,9196011520,3,search/cv/42826768341c5c7628cb,,1.3780989230685763,0.6211777777777778
cv,dp-adam-momentum-bias-bandinvmf-scale,search,20261101,8.0,0.005,200,0.05,bb76518c6d8ba4cbb179,completed,0.7564,225,225,8.000000000000005,562.2166591528803,444.0889526400715,1.9737286784003178,8619793408,9196011520,1,search/cv/bb76518c6d8ba4cbb179,,1.3788537468804254,0.6724444444444444
cv,dp-adam-momentum-bias-bandinvmf-scale,search,20261101,8.0,0.005,200,0.1,0da32ad231dcafcdc179,completed,0.7556,225,225,8.000000000000005,595.9252449758351,487.54649909213185,2.166873329298364,8619793408,9196011520,0,search/cv/0da32ad231dcafcdc179,,1.3713072360568577,0.6122222222222222
cv,dp-adam-momentum-bias-bandinvmf-scale,search,20261101,8.0,0.005,200,0.3,ac96a2f5acc6df7581b4,completed,0.7326,225,225,8.000000000000005,556.5381789896637,447.64948703348637,1.989553275704384,8619793408,9196011520,2,search/cv/ac96a2f5acc6df7581b4,,1.4453986178927951,0.3626666666666667
cv,dp-adam-momentum-bias-bandinvmf-scale,search,20261101,8.0,0.007,30,0.05,3deff3266592dcdb00a8,completed,0.7004,225,225,8.000000000000005,572.3731542434543,455.7566098757088,2.025584932780928,8619793408,9196011520,3,search/cv/3deff3266592dcdb00a8,,1.6510792907714844,0.8393333333333334
cv,dp-adam-momentum-bias-bandinvmf-scale,search,20261101,8.0,0.007,30,0.1,b4cf6a657f21e1a7cb66,completed,0.6996,225,225,8.000000000000005,559.1984354741871,443.4301988501102,1.9708008837782673,8619793408,9196011520,1,search/cv/b4cf6a657f21e1a7cb66,,1.6306214124891494,0.8167555555555556
cv,dp-adam-momentum-bias-bandinvmf-scale,search,20261101,8.0,0.007,30,0.3,9f5b1b55034001daccb2,completed,0.699,225,225,8.000000000000005,564.379476075992,448.3397078514099,1.992620923784044,8619793408,9196011520,2,search/cv/9f5b1b55034001daccb2,,1.6001902743869358,0.7723777777777778
cv,dp-adam-momentum-bias-bandinvmf-scale,search,20261101,8.0,0.007,100,0.05,ab04f06850197ce2a047,completed,0.7122,225,225,8.000000000000005,598.7415943760425,489.4531071577221,2.175347142923209,8619793408,9196011520,0,search/cv/ab04f06850197ce2a047,,1.5774642171223958,0.7764888888888889
cv,dp-adam-momentum-bias-bandinvmf-scale,search,20261101,8.0,0.007,100,0.1,c99e690cb6fd61e86e70,completed,0.7118,225,225,8.000000000000005,566.5188035685569,453.7684804033488,2.0167488017926614,8619793408,9196011520,3,search/cv/c99e690cb6fd61e86e70,,1.559163172064887,0.7421777777777778
cv,dp-adam-momentum-bias-bandinvmf-scale,search,20261101,8.0,0.007,100,0.3,8fd4ab45b6109bc600db,completed,0.7104,225,225,8.000000000000005,559.8614535871893,443.4840572718531,1.9710402545415693,8619793408,9196011520,1,search/cv/8fd4ab45b6109bc600db,,1.5401777757432726,0.6634222222222222
cv,dp-adam-momentum-bias-bandinvmf-scale,search,20261101,8.0,0.007,200,0.05,07403aead6372dd8d0f8,completed,0.7172,225,225,8.000000000000005,568.5941934715956,451.52361194975674,2.0067716086655856,8619793408,9196011520,2,search/cv/07403aead6372dd8d0f8,,1.5380951083713108,0.7079111111111112
cv,dp-adam-momentum-bias-bandinvmf-scale,search,20261101,8.0,0.007,200,0.1,e93327abd6cca3c33133,completed,0.7132,225,225,8.000000000000005,604.6971737053245,490.4805795326829,2.1799136868119238,8619793408,9196011520,0,search/cv/e93327abd6cca3c33133,,1.5281181050618489,0.6522444444444444
cv,dp-adam-momentum-bias-bandinvmf-scale,search,20261101,8.0,0.007,200,0.3,adb12bf9b758dda010ce,completed,0.6862,225,225,8.000000000000005,574.3351779952645,455.6844428218901,2.0252641903195117,8619793408,9196011520,3,search/cv/adb12bf9b758dda010ce,,1.5937502888997397,0.4096444444444444
nlp,dp-adam-iid,search,20261101,8.0,0.0005,0.1,,1dca04fcee5afbc0c176,completed,0.7750981491867639,310,310,8.000000000000005,91.00992151163518,82.15983347594738,0.26503172089015287,3643156992,3946840064,1,search/nlp/1dca04fcee5afbc0c176,,1.379383029076361,0.49248387096774193
nlp,dp-adam-iid,search,20261101,8.0,0.0005,0.3,,9d505f9a5c79671c3139,completed,0.7760329033464199,310,310,8.000000000000005,90.70982134714723,82.27760159596801,0.2654116180515097,3643156992,3946840064,1,search/nlp/9d505f9a5c79671c3139,,1.1883809637254283,0.4827258064516129
nlp,dp-adam-iid,search,20261101,8.0,0.0005,1,,d885c33d3d276d2e7898,completed,0.7775285100018695,310,310,8.000000000000007,88.79474120028317,79.0433608200401,0.254978583290452,3643156992,3946840064,1,search/nlp/d885c33d3d276d2e7898,,0.9835703243132561,0.4696451612903226
nlp,dp-adam-iid,search,20261101,8.0,0.001,0.1,,cf5ca01a556e45279ec7,completed,0.7945410357076089,310,310,8.000000000000005,88.02445326372981,79.61072364263237,0.2568087859439754,3643156992,3946840064,1,search/nlp/cf5ca01a556e45279ec7,,1.2737870227444557,0.41685483870967743
nlp,dp-adam-iid,search,20261101,8.0,0.001,0.3,,22c88a27a38effea05d2,completed,0.7943540848756777,310,310,8.000000000000005,91.81055317632854,82.3732915725559,0.2657202953953416,3643156992,3946840064,1,search/nlp/22c88a27a38effea05d2,,1.094060316516507,0.4095
nlp,dp-adam-iid,search,20261101,8.0,0.001,1,,8f25df83d192754d3f98,completed,0.7941671340437465,310,310,8.000000000000007,91.91128885932267,82.23697685077786,0.2652805704863802,3643156992,3946840064,1,search/nlp/8f25df83d192754d3f98,,0.8989097959456905,0.40030645161290324
nlp,dp-adam-iid,search,20261101,8.0,0.002,0.1,,2b24da3bc214aa0c48ee,completed,0.7997756590016826,310,310,8.000000000000005,89.94440742954612,79.92814668826759,0.2578327312524761,3643156992,3946840064,2,search/nlp/2b24da3bc214aa0c48ee,,1.2379342651367187,0.3715806451612903
nlp,dp-adam-iid,search,20261101,8.0,0.002,0.3,,d6dbce7109ac05c72a40,completed,0.8007104131613386,310,310,8.000000000000005,90.01137972995639,79.43750421702862,0.2562500136033181,3643156992,3946840064,2,search/nlp/d6dbce7109ac05c72a40,,1.0547939955188381,0.3678064516129032
nlp,dp-adam-iid,search,20261101,8.0,0.002,1,,7a3d19d87893bef6fb44,completed,0.8003365114974762,310,310,8.000000000000007,89.66765054501593,78.77378446422517,0.25410898214266187,3643156992,3946840064,1,search/nlp/7a3d19d87893bef6fb44,,0.8555659809727822,0.3600967741935484
nlp,dp-adam-sgd-bandinvmf,search,20261101,8.0,0.001,1,,37cf90e3f9c440c0ef42,completed,0.7896803140773977,310,310,8.000000000000005,89.7765965424478,79.40572412312031,0.2561474971713558,3695762944,3955228672,1,search/nlp/37cf90e3f9c440c0ef42,,0.928310314547631,0.41661290322580646
nlp,dp-adam-sgd-bandinvmf,search,20261101,8.0,0.001,10,,b04cb4bc69dde23bac8f,completed,0.8025799214806506,310,310,8.000000000000007,91.25557044148445,81.5137875881046,0.26294770189711164,3695762944,3955228672,2,search/nlp/b04cb4bc69dde23bac8f,,0.5961730371290638,0.3854516129032258
nlp,dp-adam-sgd-bandinvmf,search,20261101,8.0,0.001,20,,32f36649cb36f26d7c2c,completed,0.7980931015143017,310,310,8.000000000000007,90.74930004961789,81.8956794962287,0.2641796112781571,3695762944,3955228672,2,search/nlp/32f36649cb36f26d7c2c,,0.528820300194525,0.379
nlp,dp-adam-sgd-bandinvmf,search,20261101,8.0,0.003,1,,52fb8a5744bb74edae2e,completed,0.8276313329594317,310,310,8.000000000000005,97.68294294551015,87.16624705679715,0.2811814421187005,3695762944,3955228672,0,search/nlp/52fb8a5744bb74edae2e,,0.7874249257733745,0.30246774193548387
nlp,dp-adam-sgd-bandinvmf,search,20261101,8.0,0.003,10,,9513f0e587368216fc2a,completed,0.823331463825014,310,310,8.000000000000007,97.65358492359519,87.45857837237418,0.28212444636249734,3695762944,3955228672,0,search/nlp/9513f0e587368216fc2a,,0.5009908142089844,0.28824193548387095
nlp,dp-adam-sgd-bandinvmf,search,20261101,8.0,0.003,20,,699cdfc5798a370f461c,completed,0.8240792671527388,310,310,8.000000000000007,90.23446952737868,79.06155574694276,0.25503727660304115,3695762944,3955228672,1,search/nlp/699cdfc5798a370f461c,,0.4468172184113533,0.28203225806451615
nlp,dp-adam-sgd-bandinvmf,search,20261101,8.0,0.005,1,,bed4f37500880102996c,completed,0.8259487754720508,310,310,8.000000000000005,90.13408213295043,79.42407547309995,0.25620669507451593,3695762944,3955228672,1,search/nlp/bed4f37500880102996c,,0.7795764859107233,0.27583870967741936
nlp,dp-adam-sgd-bandinvmf,search,20261101,8.0,0.005,10,,3c8c848c3814c5094708,completed,0.8281921854552253,310,310,8.000000000000007,92.02088722027838,81.1028595957905,0.26162212772835647,3695762944,3955228672,2,search/nlp/3c8c848c3814c5094708,,0.480012205554593,0.2693225806451613
nlp,dp-adam-sgd-bandinvmf,search,20261101,8.0,0.005,20,,633b9f2d1c16de219534,completed,0.8287530379510188,310,310,8.000000000000007,91.92123115994036,80.97410332784057,0.26120678492851795,3695762944,3955228672,2,search/nlp/633b9f2d1c16de219534,,0.42530656285439766,0.27419354838709675
nlp,dp-adam-momentum-bandinvmf,search,20261101,8.0,0.001,1,,0d0308ac396bfeeeda73,completed,0.7453729669097028,310,310,8.000000000000005,97.91019419580698,86.25654828548431,0.2782469299531752,3695762944,3955228672,0,search/nlp/0d0308ac396bfeeeda73,,0.9912107849121093,0.5942419354838709
nlp,dp-adam-momentum-bandinvmf,search,20261101,8.0,0.001,10,,d0030b939b376da3985f,completed,0.7554683118339877,310,310,8.000000000000005,98.51256486028433,86.28334412537515,0.27833336814637144,3695762944,3955228672,0,search/nlp/d0030b939b376da3985f,,0.6117274681829638,0.5459677419354839
nlp,dp-adam-momentum-bandinvmf,search,20261101,8.0,0.001,20,,b6b7fbf55f3749c2cdbb,completed,0.7414469994391475,310,310,8.000000000000005,89.65451205708086,77.57593532279134,0.25024495265416563,3695762944,3955228672,1,search/nlp/b6b7fbf55f3749c2cdbb,,0.5481105523878528,0.4856935483870968
nlp,dp-adam-momentum-bandinvmf,search,20261101,8.0,0.003,1,,7a0c90b0de5241e2136e,completed,0.7951018882034026,310,310,8.000000000000005,89.8001366853714,78.35177683271468,0.2527476672023054,3695762944,3955228672,1,search/nlp/7a0c90b0de5241e2136e,,0.9312723359138735,0.42069354838709677
nlp,dp-adam-momentum-bandinvmf,search,20261101,8.0,0.003,10,,d112254cf25bff431550,completed,0.7979061506823706,310,310,8.000000000000005,93.43723036907613,81.18722930923104,0.26189428809429366,3695762944,3955228672,3,search/nlp/d112254cf25bff431550,,0.6006638764412172,0.38811290322580644
nlp,dp-adam-momentum-bandinvmf,search,20261101,8.0,0.003,20,,f3183b7b08f14a7d5f47,completed,0.7926715273882968,310,310,8.000000000000005,92.52853414602578,81.0417546108365,0.26142501487366615,3695762944,3955228672,3,search/nlp/f3183b7b08f14a7d5f47,,0.5334070670835434,0.3883064516129032
nlp,dp-adam-momentum-bandinvmf,search,20261101,8.0,0.005,1,,87895754b5e622a70059,completed,0.8113666105814171,310,310,8.000000000000005,92.42008982412517,80.17386610433459,0.2586253745301116,3695762944,3955228672,2,search/nlp/87895754b5e622a70059,,0.8520565195391255,0.3571774193548387
nlp,dp-adam-momentum-bandinvmf,search,20261101,8.0,0.005,10,,87598931aee8aa5bb085,completed,0.8104318564217611,310,310,8.000000000000005,92.24998316913843,80.56742972321808,0.2598949345910261,3695762944,3955228672,2,search/nlp/87598931aee8aa5bb085,,0.5536032316146359,0.34116129032258063
nlp,dp-adam-momentum-bandinvmf,search,20261101,8.0,0.005,20,,c10b63619ffe9a962f90,completed,0.8100579547578987,310,310,8.000000000000005,95.76269806176424,84.16751635819674,0.2715081172845056,3695762944,3955228672,0,search/nlp/c10b63619ffe9a962f90,,0.49390296246928556,0.34375806451612906
nlp,dp-adam-momentum-bias-bandinvmf,search,20261101,8.0,0.001,1,,249de62a3383a2f6f336,completed,0.7752851000186951,310,310,8.000000000000005,97.9863102901727,84.24246870726347,0.27174989905568864,3695762944,3955228672,0,search/nlp/249de62a3383a2f6f336,,0.9877702872983871,0.46141935483870966
nlp,dp-adam-momentum-bias-bandinvmf,search,20261101,8.0,0.001,10,,cbcc78162e94842101d8,completed,0.7866891007664985,310,310,8.000000000000005,90.43118087947369,77.29798324033618,0.24934833303334253,3695762944,3955228672,1,search/nlp/cbcc78162e94842101d8,,0.6291519785235005,0.4280483870967742
nlp,dp-adam-momentum-bias-bandinvmf,search,20261101,8.0,0.001,20,,e644e22f6331ec45816c,completed,0.7840717891194616,310,310,8.000000000000005,90.5162383299321,77.30515992641449,0.24937148363359513,3695762944,3955228672,1,search/nlp/e644e22f6331ec45816c,,0.5425131260041267,0.42629032258064514
nlp,dp-adam-momentum-bias-bandinvmf,search,20261101,8.0,0.003,1,,5c6b3a4873ea31f21232,completed,0.8177229388670779,310,310,8.000000000000005,94.29679429158568,81.02124047651887,0.2613588402468351,3695762944,3955228672,3,search/nlp/5c6b3a4873ea31f21232,,0.8202407098585559,0.331
nlp,dp-adam-momentum-bias-bandinvmf,search,20261101,8.0,0.003,10,,b77453a0b237af38ba6b,completed,0.8197793980183212,310,310,8.000000000000005,94.19417962431908,80.48245763219893,0.25962083107160944,3695762944,3955228672,2,search/nlp/b77453a0b237af38ba6b,,0.5234895733248803,0.3143225806451613
nlp,dp-adam-momentum-bias-bandinvmf,search,20261101,8.0,0.003,20,,7b4117da0535f3fd8fe0,completed,0.8184707421948028,310,310,8.000000000000005,93.55184053815901,81.18613558262587,0.2618907599439544,3695762944,3955228672,3,search/nlp/7b4117da0535f3fd8fe0,,0.4698471979941091,0.3111129032258064
nlp,dp-adam-momentum-bias-bandinvmf,search,20261101,8.0,0.005,1,,0cca10b47413f6d994c6,completed,0.8302486446064685,310,310,8.000000000000005,93.36985594592988,80.44815778546035,0.2595101864047108,3695762944,3955228672,2,search/nlp/0cca10b47413f6d994c6,,0.7757440274146296,0.28288709677419355
nlp,dp-adam-momentum-bias-bandinvmf,search,20261101,8.0,0.005,10,,c16e9850aaaeb48a9f18,completed,0.8240792671527388,310,310,8.000000000000005,98.75502180121839,85.24341025575995,0.274978742760516,3695762944,3955228672,0,search/nlp/c16e9850aaaeb48a9f18,,0.4871995593655494,0.28174193548387094
nlp,dp-adam-momentum-bias-bandinvmf,search,20261101,8.0,0.005,20,,15cfae31eb5b5eba42ff,completed,0.8250140213123949,310,310,8.000000000000005,98.25865531899035,85.60311234556139,0.2761390720824561,3695762944,3955228672,0,search/nlp/15cfae31eb5b5eba42ff,,0.4360986790810862,0.2892258064516129
nlp,dp-adam-sgd-bandinvmf-scale,search,20261101,8.0,0.001,100,0.005,2b7c5556ec696b084ef9,completed,0.7960366423630585,310,310,8.000000000000005,87.88522030599415,76.9817167725414,0.2483281186211013,4061907456,4215275520,1,search/nlp/2b7c5556ec696b084ef9,,0.965346934656943,0.4053548387096774
nlp,dp-adam-sgd-bandinvmf-scale,search,20261101,8.0,0.001,100,0.01,caf94513254fa773e5d3,completed,0.7975322490185082,310,310,8.000000000000005,87.31957181915641,77.87829302251339,0.25122030007262386,4061907456,4215275520,1,search/nlp/caf94513254fa773e5d3,,0.8539497405021421,0.3991774193548387
nlp,dp-adam-sgd-bandinvmf-scale,search,20261101,8.0,0.001,100,0.03,d954bd981156aa52e632,completed,0.8008973639932697,310,310,8.000000000000005,92.89172153733671,82.02865232340991,0.26460855588196747,4061907456,4215275520,3,search/nlp/d954bd981156aa52e632,,0.689180902296497,0.4012741935483871
nlp,dp-adam-sgd-bandinvmf-scale,search,20261101,8.0,0.001,100,0.1,1f87752a283ff339f88c,completed,0.8053841839596186,310,310,8.000000000000005,93.3705255202949,82.07888378202915,0.26477059284525534,4061907456,4215275520,3,search/nlp/1f87752a283ff339f88c,,0.553981429561492,0.3697258064516129
nlp,dp-adam-sgd-bandinvmf-scale,search,20261101,8.0,0.001,200,0.005,d52dacda6811c7489fe4,completed,0.8027668723125818,310,310,8.000000000000005,94.35673633217812,83.84936610423028,0.27048182614267835,4061907456,4215275520,2,search/nlp/d52dacda6811c7489fe4,,0.7762625003937752,0.38375806451612904
nlp,dp-adam-sgd-bandinvmf-scale,search,20261101,8.0,0.001,200,0.01,ad0126f7196e8e8473c7,completed,0.8050102822957562,310,310,8.000000000000005,94.16977732256055,83.94438050314784,0.2707883242037027,4061907456,4215275520,2,search/nlp/ad0126f7196e8e8473c7,,0.6749262970955141,0.386741935483871
nlp,dp-adam-sgd-bandinvmf-scale,search,20261101,8.0,0.001,200,0.03,1080cb1821f8fed43eae,completed,0.8057580856234811,310,310,8.000000000000005,91.52474834397435,80.16683441586792,0.25860269166409006,4061907456,4215275520,1,search/nlp/1080cb1821f8fed43eae,,0.5576011209795552,0.36632258064516127
nlp,dp-adam-sgd-bandinvmf-scale,search,20261101,8.0,0.001,200,0.1,fa0fbfa4ded15f15802a,completed,0.7902411665731912,310,310,8.000000000000005,91.52382632903755,80.15697912313044,0.258570900397195,4061907456,4215275520,1,search/nlp/fa0fbfa4ded15f15802a,,0.48335704483524444,0.31324193548387097
nlp,dp-adam-sgd-bandinvmf-scale,search,20261101,8.0,0.001,300,0.005,9dd385f1fbd60dbcf00b,completed,0.8093101514301738,310,310,8.000000000000007,97.98579965904355,86.60060617141426,0.2793567941013363,4061907456,4215275520,0,search/nlp/9dd385f1fbd60dbcf00b,,0.6338542608445691,0.3771451612903226
nlp,dp-adam-sgd-bandinvmf-scale,search,20261101,8.0,0.001,300,0.01,508200249920429bea50,completed,0.8102449055898299,310,310,8.000000000000007,97.69169864431024,86.14637327566743,0.2778915266957014,4061907456,4215275520,0,search/nlp/508200249920429bea50,,0.5696486747495589,0.3669032258064516
nlp,dp-adam-sgd-bandinvmf-scale,search,20261101,8.0,0.001,300,0.03,3b67a05d0e824c2505d2,completed,0.8059450364554123,310,310,8.000000000000007,92.83287835493684,81.89558161236346,0.2641792955237531,4061907456,4215275520,3,search/nlp/3b67a05d0e824c2505d2,,0.49086971159904236,0.3466451612903226
nlp,dp-adam-sgd-bandinvmf-scale,search,20261101,8.0,0.001,300,0.1,731643631a8217d92c54,completed,0.7569639184894372,310,310,8.000000000000007,91.99856371618807,81.16735303774476,0.26183017108949924,4061907456,4215275520,3,search/nlp/731643631a8217d92c54,,0.5431768060499622,0.0
nlp,dp-adam-sgd-bandinvmf-scale,search,20261101,8.0,0.003,100,0.005,87fae0f8156c7ec22cb5,completed,0.8300616937745373,310,310,8.000000000000005,92.25471340306103,82.66279604099691,0.2666541807774094,4061907456,4215275520,2,search/nlp/87fae0f8156c7ec22cb5,,0.8174254465410786,0.28943548387096774
nlp,dp-adam-sgd-bandinvmf-scale,search,20261101,8.0,0.003,100,0.01,68b82b26d97107305bc0,completed,0.8291269396148813,310,310,8.000000000000005,92.34492501616478,82.06313681602478,0.2647197961807251,4061907456,4215275520,2,search/nlp/68b82b26d97107305bc0,,0.7307532683341734,0.2880967741935484
nlp,dp-adam-sgd-bandinvmf-scale,search,20261101,8.0,0.003,100,0.03,f3a8c600c5e48f09ccc8,completed,0.8283791362871564,310,310,8.000000000000005,90.0243441592902,78.7378330975771,0.25399300999218416,4061907456,4215275520,1,search/nlp/f3a8c600c5e48f09ccc8,,0.5856572492045741,0.2845483870967742
nlp,dp-adam-sgd-bandinvmf-scale,search,20261101,8.0,0.003,100,0.1,b562f67874f79e226c37,completed,0.8270704804636381,310,310,8.000000000000005,90.81825336441398,79.25857485830784,0.2556728221235737,4061907456,4215275520,1,search/nlp/b562f67874f79e226c37,,0.4636570769279234,0.2750967741935484
nlp,dp-adam-sgd-bandinvmf-scale,search,20261101,8.0,0.003,200,0.005,d327f0a2da8a4434a374,completed,0.8298747429426061,310,310,8.000000000000005,98.14200104773045,87.75122255086899,0.28306845984151285,4061907456,4215275520,0,search/nlp/d327f0a2da8a4434a374,,0.6731273626512096,0.27866129032258063
nlp,dp-adam-sgd-bandinvmf-scale,search,20261101,8.0,0.003,200,0.01,5df146ecf79dac685507,completed,0.8304355954383997,310,310,8.000000000000005,98.34214479848742,87.98697864636779,0.28382896337537994,4061907456,4215275520,0,search/nlp/5df146ecf79dac685507,,0.5849706716229839,0.2763548387096774
nlp,dp-adam-sgd-bandinvmf-scale,search,20261101,8.0,0.003,200,0.03,976ea1697fe5aa37e4c6,completed,0.8300616937745373,310,310,8.000000000000005,93.5246434751898,82.43298423103988,0.2659128523581932,4061907456,4215275520,3,search/nlp/976ea1697fe5aa37e4c6,,0.4661103038172568,0.2705483870967742
nlp,dp-adam-sgd-bandinvmf-scale,search,20261101,8.0,0.003,200,0.1,b52ad8b2123ad4f0c407,completed,0.8255748738081884,310,310,8.000000000000005,93.70748540945351,82.50708836317062,0.2661518979457117,4061907456,4215275520,3,search/nlp/b52ad8b2123ad4f0c407,,0.41432988763624623,0.23259677419354838
nlp,dp-adam-sgd-bandinvmf-scale,search,20261101,8.0,0.003,300,0.005,222da638d9481b27e61a,completed,0.8326790054215741,310,310,8.000000000000007,93.65424894914031,83.40412187203765,0.2690455544259279,4061907456,4215275520,2,search/nlp/222da638d9481b27e61a,,0.5620587192658455,0.26919354838709675
nlp,dp-adam-sgd-bandinvmf-scale,search,20261101,8.0,0.003,300,0.01,412df4c01c7907084497,completed,0.8339876612450925,310,310,8.000000000000007,93.51071788556874,83.59232343360782,0.26965265623744455,4061907456,4215275520,2,search/nlp/412df4c01c7907084497,,0.47576506830030874,0.27325806451612905
nlp,dp-adam-sgd-bandinvmf-scale,search,20261101,8.0,0.003,300,0.03,5ae9c7c8a6810adc7fb3,completed,0.8317442512619181,310,310,8.000000000000007,90.50924761779606,79.03422380238771,0.2549491090399604,4061907456,4215275520,1,search/nlp/5ae9c7c8a6810adc7fb3,,0.4128456804829259,0.24587096774193548
nlp,dp-adam-sgd-bandinvmf-scale,search,20261101,8.0,0.003,300,0.1,299ff60186270bfd5a17,completed,0.8037016264722378,310,310,8.000000000000007,90.52161588519812,79.41081733629107,0.25616392689126155,4061907456,4215275520,1,search/nlp/299ff60186270bfd5a17,,0.4492537295433783,0.006661290322580645
nlp,dp-adam-sgd-bandinvmf-scale,search,20261101,8.0,0.005,100,0.005,c764510f49d40a9ec1a3,completed,0.8321181529257805,310,310,8.000000000000005,97.8171346373856,87.15218379162252,0.2811360767471694,4061907456,4215275520,0,search/nlp/c764510f49d40a9ec1a3,,0.8158563744329637,0.2655
nlp,dp-adam-sgd-bandinvmf-scale,search,20261101,8.0,0.005,100,0.01,8976230dc52bc4b8cc0c,completed,0.8268835296317069,310,310,8.000000000000005,97.8702601660043,86.75339682027698,0.2798496671621838,4061907456,4215275520,0,search/nlp/8976230dc52bc4b8cc0c,,0.7253114781533518,0.26620967741935486
nlp,dp-adam-sgd-bandinvmf-scale,search,20261101,8.0,0.005,100,0.03,21bb2d582837cb465181,completed,0.8324920545896429,310,310,8.000000000000005,94.94079463928938,84.8250314667821,0.2736291337638132,4061907456,4215275520,3,search/nlp/21bb2d582837cb465181,,0.5644111707133631,0.257741935483871
nlp,dp-adam-sgd-bandinvmf-scale,search,20261101,8.0,0.005,100,0.1,b17c127bfc62557ae56e,completed,0.82893998878295,310,310,8.000000000000005,94.66196147352457,84.95026782341301,0.2740331220110097,4061907456,4215275520,3,search/nlp/b17c127bfc62557ae56e,,0.4434457003685736,0.25640322580645164
nlp,dp-adam-sgd-bandinvmf-scale,search,20261101,8.0,0.005,200,0.005,6cee5891a9c1629f886f,completed,0.8274443821275005,310,310,8.000000000000005,92.17136359214783,82.81119960919023,0.2671329019651298,4061907456,4215275520,2,search/nlp/6cee5891a9c1629f886f,,0.6669738070580267,0.2580806451612903
nlp,dp-adam-sgd-bandinvmf-scale,search,20261101,8.0,0.005,200,0.01,4e43ccd765cdb561ef38,completed,0.835296317068611,310,310,8.000000000000005,92.4178963303566,82.23254088126123,0.26526626090729427,4061907456,4215275520,2,search/nlp/4e43ccd765cdb561ef38,,0.5599473512711064,0.25059677419354837
nlp,dp-adam-sgd-bandinvmf-scale,search,20261101,8.0,0.005,200,0.03,d4c4639e9a3d1e647d0d,completed,0.8308094971022622,310,310,8.000000000000005,89.33093144930899,78.5017021279782,0.25323129718702647,4061907456,4215275520,1,search/nlp/d4c4639e9a3d1e647d0d,,0.44172635183026715,0.25643548387096776
nlp,dp-adam-sgd-bandinvmf-scale,search,20261101,8.0,0.005,200,0.1,4ba72d2a666bf9fa8dc8,completed,0.8311833987661245,310,310,8.000000000000005,89.72946913167834,78.77832147665322,0.2541236176666233,4061907456,4215275520,1,search/nlp/4ba72d2a666bf9fa8dc8,,0.3946651955881426,0.20919354838709678
nlp,dp-adam-sgd-bandinvmf-scale,search,20261101,8.0,0.005,300,0.005,be7a40e47838b4bbf6bb,completed,0.8384744812114414,310,310,8.000000000000007,96.74308328703046,86.86017926223576,0.2801941266523734,4061907456,4215275520,0,search/nlp/be7a40e47838b4bbf6bb,,0.5391007252354776,0.24574193548387097
nlp,dp-adam-sgd-bandinvmf-scale,search,20261101,8.0,0.005,300,0.01,916f5990d3aabf910d13,completed,0.8435221536735839,310,310,8.000000000000007,97.11710037477314,86.8459344226867,0.28014817555705385,4061907456,4215275520,0,search/nlp/916f5990d3aabf910d13,,0.4610815178655809,0.24143548387096775
nlp,dp-adam-sgd-bandinvmf-scale,search,20261101,8.0,0.005,300,0.03,9467bcf67fe6507615d7,completed,0.8302486446064685,310,310,8.000000000000007,91.91059883125126,80.4858922585845,0.2596319105115629,4061907456,4215275520,2,search/nlp/9467bcf67fe6507615d7,,0.3941330723916331,0.22653225806451613
nlp,dp-adam-sgd-bandinvmf-scale,search,20261101,8.0,0.005,300,0.1,fe0f8ce6b0a80780b9b1,completed,0.8117405122452795,310,310,8.000000000000007,92.43883778899908,80.7469259891659,0.26047395480376095,4061907456,4215275520,3,search/nlp/fe0f8ce6b0a80780b9b1,,0.4320791955763294,0.0048548387096774195
nlp,dp-adam-momentum-bandinvmf-scale,search,20261101,8.0,0.001,100,0.005,51bde39b1a3b1aeec599,completed,0.7487380818844643,310,310,8.000000000000005,93.15261773392558,80.80185325071216,0.26065113951842633,4061907456,4215275520,2,search/nlp/51bde39b1a3b1aeec599,,0.9514014124716482,0.5630322580645162
nlp,dp-adam-momentum-bandinvmf-scale,search,20261101,8.0,0.001,100,0.01,a5ba37d9f4bb78273c8a,completed,0.7526640493550196,310,310,8.000000000000005,93.6276528108865,81.37770139984787,0.2625087141930576,4061907456,4215275520,3,search/nlp/a5ba37d9f4bb78273c8a,,0.8402455887333039,0.5551290322580645
nlp,dp-adam-momentum-bandinvmf-scale,search,20261101,8.0,0.001,100,0.03,e461bfc2adbe43380d06,completed,0.7597681809684053,310,310,8.000000000000005,89.14493182301521,77.24615471996367,0.24918114425794732,4061907456,4215275520,1,search/nlp/e461bfc2adbe43380d06,,0.6401032222624748,0.554483870967742
nlp,dp-adam-momentum-bandinvmf-scale,search,20261101,8.0,0.001,100,0.1,f59d3737582ecb14b77d,completed,0.7406991961114227,310,310,8.000000000000005,89.38594943471253,77.06663511320949,0.24860204875228867,4061907456,4215275520,1,search/nlp/f59d3737582ecb14b77d,,0.5587137874480217,0.2593870967741935
nlp,dp-adam-momentum-bandinvmf-scale,search,20261101,8.0,0.001,200,0.005,10c991129f3ace2df5db,completed,0.771546083380071,310,310,8.000000000000005,99.20891384221613,87.20975773967803,0.2813217991602517,4061907456,4215275520,0,search/nlp/10c991129f3ace2df5db,,0.5237627514254662,0.4410483870967742
nlp,dp-adam-momentum-bandinvmf-scale,search,20261101,8.0,0.001,200,0.01,20d9d502a7db03cc61ff,completed,0.7515423443634324,310,310,8.000000000000005,99.24501238204539,87.23818979971111,0.2814135154829391,4061907456,4215275520,0,search/nlp/20d9d502a7db03cc61ff,,0.5459457052907636,0.0407258064516129
nlp,dp-adam-momentum-bandinvmf-scale,search,20261101,8.0,0.001,200,0.03,945801c93a93bdc920fa,completed,0.6533931575995513,310,310,8.000000000000005,89.2525232937187,77.44386659748852,0.24981892450802748,4061907456,4215275520,1,search/nlp/945801c93a93bdc920fa,,0.6389874464465726,0.0
nlp,dp-adam-momentum-bandinvmf-scale,search,20261101,8.0,0.001,200,0.1,6bbd805e7a10b210d835,completed,0.5653393157599551,310,310,8.000000000000005,92.33331434428692,80.16865440271795,0.2586085625894127,4061907456,4215275520,2,search/nlp/6bbd805e7a10b210d835,,0.6707108902469758,0.0
nlp,dp-adam-momentum-bandinvmf-scale,search,20261101,8.0,0.001,300,0.005,619dc0473458398c0c3b,completed,0.5952514488689474,310,310,8.000000000000005,93.21099817939103,79.88729791343212,0.25770096101107137,4061907456,4215275520,3,search/nlp/619dc0473458398c0c3b,,0.6584415007560483,0.0
nlp,dp-adam-momentum-bandinvmf-scale,search,20261101,8.0,0.001,300,0.01,884a7b0d1052660a1d3d,completed,0.5655262665918863,310,310,8.000000000000005,92.60179836302996,80.25999217294157,0.258903200557876,4061907456,4215275520,2,search/nlp/884a7b0d1052660a1d3d,,0.6684697452668221,0.0
nlp,dp-adam-momentum-bandinvmf-scale,search,20261101,8.0,0.001,300,0.03,2b2b61500253594f45d1,completed,0.557861282482707,310,310,8.000000000000005,91.95261749997735,80.30878840200603,0.25906060774840656,4061907456,4215275520,3,search/nlp/2b2b61500253594f45d1,,0.6779498399303805,0.0
nlp,dp-adam-momentum-bandinvmf-scale,search,20261101,8.0,0.001,300,0.1,2c251c1f0cba97a3fc4d,completed,0.5580482333146383,310,310,8.000000000000005,89.42760266177356,77.91655397601426,0.2513437225032718,4061907456,4215275520,1,search/nlp/2c251c1f0cba97a3fc4d,,0.684939456078314,0.0
nlp,dp-adam-momentum-bandinvmf-scale,search,20261101,8.0,0.003,100,0.005,16791c92cffa5640df6f,completed,0.7994017573378202,310,310,8.000000000000005,96.29140513762832,84.76901469193399,0.27344843449010964,4061907456,4215275520,0,search/nlp/16791c92cffa5640df6f,,0.8594398163826235,0.40075806451612905
nlp,dp-adam-momentum-bandinvmf-scale,search,20261101,8.0,0.003,100,0.01,94249b3ff6ac4c04c46a,completed,0.8008973639932697,310,310,8.000000000000005,96.84561028890312,84.63487437926233,0.273015723804072,4061907456,4215275520,0,search/nlp/94249b3ff6ac4c04c46a,,0.7549496056341356,0.3974354838709677
nlp,dp-adam-momentum-bandinvmf-scale,search,20261101,8.0,0.003,100,0.03,471752699a84043d3bb9,completed,0.8035146756403067,310,310,8.000000000000005,91.96556302532554,79.18732457980514,0.25544298251550046,4061907456,4215275520,1,search/nlp/471752699a84043d3bb9,,0.6236547969695061,0.40516129032258064
nlp,dp-adam-momentum-bandinvmf-scale,search,20261101,8.0,0.003,100,0.1,37a7668d7e1f42bfcfc2,completed,0.7952888390353338,310,310,8.000000000000005,92.04600728675723,80.03571943752468,0.25817974012104733,4061907456,4215275520,1,search/nlp/37a7668d7e1f42bfcfc2,,0.5003314976846018,0.36251612903225805
nlp,dp-adam-momentum-bandinvmf-scale,search,20261101,8.0,0.003,200,0.005,4a44174cadb4961a129d,completed,0.8100579547578987,310,310,8.000000000000005,93.47806730680168,80.01964739337564,0.2581278948173408,4061907456,4215275520,2,search/nlp/4a44174cadb4961a129d,,0.4908200156919418,0.34230645161290324
nlp,dp-adam-momentum-bandinvmf-scale,search,20261101,8.0,0.003,200,0.01,86a50677220a186caa06,completed,0.8068797906150682,310,310,8.000000000000005,94.46279605664313,81.74806569702923,0.2637034377323524,4061907456,4215275520,3,search/nlp/86a50677220a186caa06,,0.4502567640735257,0.24820967741935485
nlp,dp-adam-momentum-bandinvmf-scale,search,20261101,8.0,0.003,200,0.03,0a26065bcd121df1d799,completed,0.7651897550944101,310,310,8.000000000000005,92.40048884600401,79.88497946038842,0.25769348213028526,4061907456,4215275520,2,search/nlp/0a26065bcd121df1d799,,0.5234115068989416,0.0
nlp,dp-adam-momentum-bandinvmf-scale,search,20261101,8.0,0.003,200,0.1,06f9fd075d28b7f37515,completed,0.656758272574313,310,310,8.000000000000005,93.75733349658549,81.36767606809735,0.26247637441321725,4061907456,4215275520,3,search/nlp/06f9fd075d28b7f37515,,0.6390096051616053,0.0
nlp,dp-adam-momentum-bandinvmf-scale,search,20261101,8.0,0.003,300,0.005,e41da3807a6dc3c1a8b9,completed,0.7220041129183025,310,310,8.000000000000005,98.0185857694596,85.69114109873772,0.27642303580237976,4061907456,4215275520,0,search/nlp/e41da3807a6dc3c1a8b9,,0.583775887766192,0.0
nlp,dp-adam-momentum-bandinvmf-scale,search,20261101,8.0,0.003,300,0.01,40d18cd01e9cc45a14b5,completed,0.6651710600112171,310,310,8.000000000000005,98.20151325501502,85.57970963418484,0.2760635794651124,4061907456,4215275520,0,search/nlp/40d18cd01e9cc45a14b5,,0.6294861243463332,0.0
nlp,dp-adam-momentum-bandinvmf-scale,search,20261101,8.0,0.003,300,0.03,134c85d636e7d49ac7d9,completed,0.5928210880538418,310,310,8.000000000000005,91.86521001905203,79.55601193383336,0.25663229656075276,4061907456,4215275520,1,search/nlp/134c85d636e7d49ac7d9,,0.6617319670646421,0.0
nlp,dp-adam-momentum-bandinvmf-scale,search,20261101,8.0,0.003,300,0.1,5359703651ae553e7c25,completed,0.5584221349785007,310,310,8.000000000000005,91.02203104272485,80.10264952294528,0.25839564362240414,4061907456,4215275520,1,search/nlp/5359703651ae553e7c25,,0.6781505205708165,0.0
nlp,dp-adam-momentum-bandinvmf-scale,search,20261101,8.0,0.005,100,0.005,e8697f8c766ad5225067,completed,0.8175359880351467,310,310,8.000000000000005,91.89893670938909,80.24728621914983,0.25886221361016076,4061907456,4215275520,2,search/nlp/e8697f8c766ad5225067,,0.7781975875362274,0.3349677419354839
nlp,dp-adam-momentum-bandinvmf-scale,search,20261101,8.0,0.005,100,0.01,bdd2b4f2cc1fbbb58511,completed,0.8156664797158347,310,310,8.000000000000005,92.47428862378001,80.15439008548856,0.2585625486628663,4061907456,4215275520,2,search/nlp/bdd2b4f2cc1fbbb58511,,0.684223131733556,0.33341935483870966
nlp,dp-adam-momentum-bandinvmf-scale,search,20261101,8.0,0.005,100,0.03,410c7b6ae218e56843f2,completed,0.8182837913628715,310,310,8.000000000000005,93.73633134178817,81.6350636780262,0.2633389150904071,4061907456,4215275520,3,search/nlp/410c7b6ae218e56843f2,,0.5440042960874496,0.34306451612903227
nlp,dp-adam-momentum-bandinvmf-scale,search,20261101,8.0,0.005,100,0.1,b096aa5eda76b8edca44,completed,0.8151056272200411,310,310,8.000000000000005,93.91569003462791,81.40543948486447,0.2625981918866596,4061907456,4215275520,3,search/nlp/b096aa5eda76b8edca44,,0.4578720442248929,0.3095806451612903
nlp,dp-adam-momentum-bandinvmf-scale,search,20261101,8.0,0.005,200,0.005,3afaac008ca93f4f249d,completed,0.8235184146569452,310,310,8.000000000000005,97.14359309710562,84.44659263081849,0.27240836332522095,4061907456,4215275520,0,search/nlp/3afaac008ca93f4f249d,,0.44346315396216607,0.2794032258064516
nlp,dp-adam-momentum-bandinvmf-scale,search,20261101,8.0,0.005,200,0.01,d54b66a0cbe126825d31,completed,0.8252009721443261,310,310,8.000000000000005,96.88368209451437,84.55833539366722,0.2727688238505394,4061907456,4215275520,0,search/nlp/d54b66a0cbe126825d31,,0.41282361381284655,0.20917741935483872
nlp,dp-adam-momentum-bandinvmf-scale,search,20261101,8.0,0.005,200,0.03,a5da885f07a07ce98d9f,completed,0.7906150682370536,310,310,8.000000000000005,91.86570599675179,80.61814151890576,0.26005852102872823,4061907456,4215275520,1,search/nlp/a5da885f07a07ce98d9f,,0.47734967434790826,0.0
nlp,dp-adam-momentum-bandinvmf-scale,search,20261101,8.0,0.005,200,0.1,558f20f4bd84c8e8488a,completed,0.7072349971957376,310,310,8.000000000000005,90.69732929579914,80.49288341030478,0.2596544626138864,4061907456,4215275520,1,search/nlp/558f20f4bd84c8e8488a,,0.6022501594789567,0.0
nlp,dp-adam-momentum-bandinvmf-scale,search,20261101,8.0,0.005,300,0.005,254f10f991485cabc147,completed,0.7575247709852309,310,310,8.000000000000005,91.55717113427818,79.75717421993613,0.2572812071610843,4061907456,4215275520,2,search/nlp/254f10f991485cabc147,,0.5300384585472845,0.0
nlp,dp-adam-momentum-bandinvmf-scale,search,20261101,8.0,0.005,300,0.01,abc7901e9dca8e47b575,completed,0.711347915498224,310,310,8.000000000000005,91.7157365269959,79.63743752613664,0.2568949597617311,4061907456,4215275520,2,search/nlp/abc7901e9dca8e47b575,,0.5931793449155746,0.0
nlp,dp-adam-momentum-bandinvmf-scale,search,20261101,8.0,0.005,300,0.03,e99a2399c48265bd6924,completed,0.642923911011404,310,310,8.000000000000005,93.35306039080024,80.83785018138587,0.26076725864963185,4061907456,4215275520,3,search/nlp/e99a2399c48265bd6924,,0.6478892507245464,0.0
nlp,dp-adam-momentum-bandinvmf-scale,search,20261101,8.0,0.005,300,0.1,649c4241279770a1a991,completed,0.5668349224154048,310,310,8.000000000000005,93.21490020304918,80.89557385258377,0.2609534640405928,4061907456,4215275520,3,search/nlp/649c4241279770a1a991,,0.6735534530147429,0.0
nlp,dp-adam-momentum-bias-bandinvmf-scale,search,20261101,8.0,0.001,100,0.005,7f7bc105410c03f88ce0,completed,0.7812675266404936,310,310,8.000000000000005,97.55415439233184,83.78341409564018,0.27026907772787157,4061907456,4215275520,0,search/nlp/7f7bc105410c03f88ce0,,1.0151265455676663,0.45214516129032256
nlp,dp-adam-momentum-bias-bandinvmf-scale,search,20261101,8.0,0.001,100,0.01,ed740790a8bdbe9a00a2,completed,0.7810805758085624,310,310,8.000000000000005,97.51299421489239,84.06481957249343,0.271176837330624,4061907456,4215275520,0,search/nlp/ed740790a8bdbe9a00a2,,0.8998488287156629,0.44475806451612904
nlp,dp-adam-momentum-bias-bandinvmf-scale,search,20261101,8.0,0.001,100,0.03,a265087acc46da365d13,completed,0.7850065432791176,310,310,8.000000000000005,95.19508710876107,81.40734090097249,0.262604325487008,4061907456,4215275520,1,search/nlp/a265087acc46da365d13,,0.7297182174190399,0.4506290322580645
nlp,dp-adam-momentum-bias-bandinvmf-scale,search,20261101,8.0,0.001,100,0.1,8788308c86879fd545ee,completed,0.7889325107496729,310,310,8.000000000000005,94.66719059832394,81.64978329092264,0.2633863977126537,4061907456,4215275520,1,search/nlp/8788308c86879fd545ee,,0.5731783816429876,0.4154032258064516
nlp,dp-adam-momentum-bias-bandinvmf-scale,search,20261101,8.0,0.001,200,0.005,8c363b6e05c10b542069,completed,0.7857543466068424,310,310,8.000000000000005,94.73464209958911,80.89307365007699,0.2609453988712161,4061907456,4215275520,2,search/nlp/8c363b6e05c10b542069,,0.7850116084929436,0.4266451612903226
nlp,dp-adam-momentum-bias-bandinvmf-scale,search,20261101,8.0,0.001,200,0.01,12ef5c2f1ee3e5998d2e,completed,0.79005421574126,310,310,8.000000000000005,93.87596136517823,80.60257215052843,0.26000829725976915,4061907456,4215275520,2,search/nlp/12ef5c2f1ee3e5998d2e,,0.6815446482012348,0.4359677419354839
nlp,dp-adam-momentum-bias-bandinvmf-scale,search,20261101,8.0,0.001,200,0.03,6696b09105081c5c160c,completed,0.7921106748925033,310,310,8.000000000000005,92.58578065037727,79.92228304967284,0.25781381628926725,4061907456,4215275520,3,search/nlp/6696b09105081c5c160c,,0.5590085651028541,0.4023225806451613
nlp,dp-adam-momentum-bias-bandinvmf-scale,search,20261101,8.0,0.001,200,0.1,90a81a3913463d012c58,completed,0.7543466068424004,310,310,8.000000000000005,93.43731238692999,80.39303262904286,0.2593323633194931,4061907456,4215275520,3,search/nlp/90a81a3913463d012c58,,0.5426330792826991,0.010790322580645162
nlp,dp-adam-momentum-bias-bandinvmf-scale,search,20261101,8.0,0.001,300,0.005,5f185de535ac5101ab1e,completed,0.7995887081697514,310,310,8.000000000000005,98.0972696710378,84.33995025604963,0.27206435566467624,4061907456,4215275520,0,search/nlp/5f185de535ac5101ab1e,,0.5985098015569872,0.4019032258064516
nlp,dp-adam-momentum-bias-bandinvmf-scale,search,20261101,8.0,0.001,300,0.01,f88f85b195204ad15807,completed,0.7984670031781641,310,310,8.000000000000005,97.57265861704946,84.89964654482901,0.27386982756396455,4061907456,4215275520,0,search/nlp/f88f85b195204ad15807,,0.5330698803317162,0.3817258064516129
nlp,dp-adam-momentum-bias-bandinvmf-scale,search,20261101,8.0,0.001,300,0.03,41f07f2f4a6896da2dc0,completed,0.7721069358758647,310,310,8.000000000000005,93.32819763198495,80.23002757877111,0.258806540576681,4061907456,4215275520,1,search/nlp/41f07f2f4a6896da2dc0,,0.5155117669874621,0.07095161290322581
nlp,dp-adam-momentum-bias-bandinvmf-scale,search,20261101,8.0,0.001,300,0.1,541a2d73ffedc0eea7aa,completed,0.6655449616750795,310,310,8.000000000000005,93.15771881304681,80.79410112649202,0.2606261326661033,4061907456,4215275520,1,search/nlp/541a2d73ffedc0eea7aa,,0.6373994682065902,0.0
nlp,dp-adam-momentum-bias-bandinvmf-scale,search,20261101,8.0,0.003,100,0.005,8d15cdc44091f5851270,completed,0.8235184146569452,310,310,8.000000000000005,93.40707209520042,80.32914210855961,0.25912626486632134,4061907456,4215275520,2,search/nlp/8d15cdc44091f5851270,,0.8322802734375,0.31561290322580643
nlp,dp-adam-momentum-bias-bandinvmf-scale,search,20261101,8.0,0.003,100,0.01,417c35aa89a11ce2115f,completed,0.8212750046737708,310,310,8.000000000000005,93.3695790246129,79.68820981867611,0.2570587413505681,4061907456,4215275520,3,search/nlp/417c35aa89a11ce2115f,,0.7340548489478327,0.31233870967741933
nlp,dp-adam-momentum-bias-bandinvmf-scale,search,20261101,8.0,0.003,100,0.03,c5085f602f09a60888ef,completed,0.8235184146569452,310,310,8.000000000000005,93.43484269268811,80.67076156102121,0.2602282631000684,4061907456,4215275520,2,search/nlp/c5085f602f09a60888ef,,0.5915484471474924,0.31290322580645163
nlp,dp-adam-momentum-bias-bandinvmf-scale,search,20261101,8.0,0.003,100,0.1,8832bde5cf377a77665b,completed,0.8220228080014956,310,310,8.000000000000005,93.00929358415306,80.04201580770314,0.25820005099259075,4061907456,4215275520,3,search/nlp/8832bde5cf377a77665b,,0.4745641843734249,0.299258064516129
nlp,dp-adam-momentum-bias-bandinvmf-scale,search,20261101,8.0,0.003,200,0.005,cc3b85a005250b7752cd,completed,0.8274443821275005,310,310,8.000000000000005,98.75540723279119,84.91864598169923,0.27393111606999754,4061907456,4215275520,0,search/nlp/cc3b85a005250b7752cd,,0.6421714556294102,0.2995322580645161
nlp,dp-adam-momentum-bias-bandinvmf-scale,search,20261101,8.0,0.003,200,0.01,d1f17984b81b660e7b03,completed,0.8272574312955693,310,310,8.000000000000005,98.1925403252244,86.011936891824,0.27745786094136776,4061907456,4215275520,0,search/nlp/d1f17984b81b660e7b03,,0.55999194582047,0.3006935483870968
nlp,dp-adam-momentum-bias-bandinvmf-scale,search,20261101,8.0,0.003,200,0.03,092494263b9c994285cb,completed,0.8244531688166012,310,310,8.000000000000005,94.1955975163728,80.34985438361764,0.2591930786568311,4061907456,4215275520,1,search/nlp/092494263b9c994285cb,,0.45632964644893526,0.28616129032258064
nlp,dp-adam-momentum-bias-bandinvmf-scale,search,20261101,8.0,0.003,200,0.1,af96592ddedbb107a790,completed,0.8102449055898299,310,310,8.000000000000005,93.92164098657668,80.76602742634714,0.2605355723430553,4061907456,4215275520,1,search/nlp/af96592ddedbb107a790,,0.43746397301458545,0.14430645161290323
nlp,dp-adam-momentum-bias-bandinvmf-scale,search,20261101,8.0,0.003,300,0.005,aff7a7a50eb91e61c220,completed,0.8296877921106749,310,310,8.000000000000005,96.13680908083916,83.20785485208035,0.2684124350067108,4061907456,4215275520,2,search/nlp/aff7a7a50eb91e61c220,,0.49270289611816404,0.2875483870967742
nlp,dp-adam-momentum-bias-bandinvmf-scale,search,20261101,8.0,0.003,300,0.01,20f396971ce11ad261e0,completed,0.8285660871190876,310,310,8.000000000000005,93.21886533871293,79.5062460117042,0.2564717613280781,4061907456,4215275520,3,search/nlp/20f396971ce11ad261e0,,0.4340026535526399,0.27316129032258063
nlp,dp-adam-momentum-bias-bandinvmf-scale,search,20261101,8.0,0.003,300,0.03,193a943ef445da976207,completed,0.8225836604972893,310,310,8.000000000000005,96.0504524409771,83.37165796756744,0.2689408321534434,4061907456,4215275520,2,search/nlp/193a943ef445da976207,,0.4194862286967616,0.13791935483870968
nlp,dp-adam-momentum-bias-bandinvmf-scale,search,20261101,8.0,0.003,300,0.1,15c09afbd6a63350b158,completed,0.7693026733968966,310,310,8.000000000000005,93.2409844417125,79.91952226497233,0.2578049105321688,4061907456,4215275520,3,search/nlp/15c09afbd6a63350b158,,0.5228528447305002,0.0
nlp,dp-adam-momentum-bias-bandinvmf-scale,search,20261101,8.0,0.005,100,0.005,52b0a93090101556b33d,completed,0.8364180220601982,310,310,8.000000000000005,97.28565143048763,83.95897488109767,0.27083540284225055,4061907456,4215275520,0,search/nlp/52b0a93090101556b33d,,0.7878843659431704,0.26875806451612905
nlp,dp-adam-momentum-bias-bandinvmf-scale,search,20261101,8.0,0.005,100,0.01,4325c938452b01acc0af,completed,0.8306225462703309,310,310,8.000000000000005,96.83407648280263,84.22684502229095,0.2716995000719063,4061907456,4215275520,0,search/nlp/4325c938452b01acc0af,,0.7110594689153856,0.27319354838709675
nlp,dp-adam-momentum-bias-bandinvmf-scale,search,20261101,8.0,0.005,100,0.03,179e7d072eeb9f857a46,completed,0.837165825387923,310,310,8.000000000000005,93.25921163335443,80.61818749830127,0.26005866934935895,4061907456,4215275520,1,search/nlp/179e7d072eeb9f857a46,,0.5550940891388924,0.26638709677419353
nlp,dp-adam-momentum-bias-bandinvmf-scale,search,20261101,8.0,0.005,100,0.1,47803e1314f521afd01a,completed,0.8324920545896429,310,310,8.000000000000005,92.8085905034095,80.47097432054579,0.25958378813079286,4061907456,4215275520,1,search/nlp/47803e1314f521afd01a,,0.43674767328077746,0.26980645161290323
nlp,dp-adam-momentum-bias-bandinvmf-scale,search,20261101,8.0,0.005,200,0.005,6ba53587d41ff5410aea,completed,0.8394092353710974,310,310,8.000000000000005,95.10203054361045,81.43625077232718,0.2626975831365393,4061907456,4215275520,3,search/nlp/6ba53587d41ff5410aea,,0.6152571686775453,0.2593225806451613
nlp,dp-adam-momentum-bias-bandinvmf-scale,search,20261101,8.0,0.005,200,0.01,c43ddf2f72e05655ce7c,completed,0.8412787436904094,310,310,8.000000000000005,93.72531932592392,81.70399052463472,0.2635612597568862,4061907456,4215275520,3,search/nlp/c43ddf2f72e05655ce7c,,0.5218066169984878,0.2545
nlp,dp-adam-momentum-bias-bandinvmf-scale,search,20261101,8.0,0.005,200,0.03,d9ce5b9cb7186eb5a0d6,completed,0.8412787436904094,310,310,8.000000000000005,93.83262171596289,81.38972717896104,0.26254750702890656,4061907456,4215275520,2,search/nlp/d9ce5b9cb7186eb5a0d6,,0.4128292167417465,0.2626612903225806
nlp,dp-adam-momentum-bias-bandinvmf-scale,search,20261101,8.0,0.005,200,0.1,e07f308cf438d3a6afd8,completed,0.8209011030099084,310,310,8.000000000000005,94.10734727606177,80.63188076019287,0.2601028411619125,4061907456,4215275520,2,search/nlp/e07f308cf438d3a6afd8,,0.4026957550048828,0.10927419354838709
nlp,dp-adam-momentum-bias-bandinvmf-scale,search,20261101,8.0,0.005,300,0.005,1be7d82103bb1a10ec16,completed,0.8433352028416526,310,310,8.000000000000005,100.98737191967666,88.40859178081155,0.28518900574455336,4061907456,4215275520,0,search/nlp/1be7d82103bb1a10ec16,,0.46044510429136215,0.24311290322580645
nlp,dp-adam-momentum-bias-bandinvmf-scale,search,20261101,8.0,0.005,300,0.01,1085e0e54368a3a1b9e9,completed,0.8457655636567583,310,310,8.000000000000005,100.12061603553593,88.3330487627536,0.28494531858952776,4061907456,4215275520,0,search/nlp/1085e0e54368a3a1b9e9,,0.3949032007032825,0.2454516129032258
nlp,dp-adam-momentum-bias-bandinvmf-scale,search,20261101,8.0,0.005,300,0.03,345940df01a99398596e,completed,0.8244531688166012,310,310,8.000000000000005,94.99351684190333,80.89542515575886,0.2609529843734157,4061907456,4215275520,1,search/nlp/345940df01a99398596e,,0.3874846895279423,0.10730645161290323
nlp,dp-adam-momentum-bias-bandinvmf-scale,search,20261101,8.0,0.005,300,0.1,849a2caf60b6459698e8,completed,0.7941671340437465,310,310,8.000000000000005,94.99078402481973,81.08209763281047,0.2615551536542273,4061907456,4215275520,1,search/nlp/849a2caf60b6459698e8,,0.4784045129591419,0.0
cv,dp-adam-iid,recheck,20261102,8.0,0.0005,30,,d1dfb906af8094d2fa81,completed,0.5796,225,225,8.000000000000007,651.8541863970459,528.9486999902874,2.3508831110679442,8331626496,8734638080,0,recheck/cv/d1dfb906af8094d2fa81,,2.155416525607639,0.932
cv,dp-adam-iid,recheck,20261103,8.0,0.0005,30,,8b30b944ebe8c803a727,completed,0.5834,225,225,8.000000000000007,586.2738445866853,476.61548772640526,2.118291056561801,8331626496,8734638080,1,recheck/cv/8b30b944ebe8c803a727,,2.102796573893229,0.9147555555555555
cv,dp-adam-iid,recheck,20261102,8.0,0.0005,10,,daaa00f7c04b19c16ce9,completed,0.5772,225,225,8.000000000000005,590.3991224877536,478.7456089928746,2.1277582621905538,8331626496,8734638080,2,recheck/cv/daaa00f7c04b19c16ce9,,2.1556777737087676,0.9778222222222223
cv,dp-adam-iid,recheck,20261103,8.0,0.0005,10,,afded85703f0bab028b4,completed,0.5776,225,225,8.000000000000005,608.9523723442107,490.2307426817715,2.1788033008078735,8331626496,8734638080,3,recheck/cv/afded85703f0bab028b4,,2.1030246622721354,0.9674222222222222
cv,dp-adam-sgd-bandinvmf,recheck,20261102,8.0,0.003,30,,e9c28b37a481c62b04b1,completed,0.6986,225,225,8.000000000000005,589.998843351379,479.08209155127406,2.1292537402278846,8398219776,8808038400,1,recheck/cv/e9c28b37a481c62b04b1,,1.6044697204589844,0.7291555555555556
cv,dp-adam-sgd-bandinvmf,recheck,20261103,8.0,0.003,30,,bb27e0bcc6deea326020,completed,0.7092,225,225,8.000000000000005,599.8956595808268,486.24491174146533,2.161088496628735,8398219776,8808038400,2,recheck/cv/bb27e0bcc6deea326020,,1.5753716152615018,0.7219777777777778
cv,dp-adam-sgd-bandinvmf,recheck,20261102,8.0,0.003,3,,3d2aef9ad741f8fe43b5,completed,0.6946,225,225,8.000000000000005,603.9730235021561,492.2763540800661,2.1878949070225158,8398219776,8808038400,3,recheck/cv/3d2aef9ad741f8fe43b5,,1.639861210123698,0.8491777777777778
cv,dp-adam-sgd-bandinvmf,recheck,20261103,8.0,0.003,3,,ee5358cf17a8d9654e14,completed,0.7054,225,225,8.000000000000005,661.4424120932817,542.4430994391441,2.4108582197295294,8398219776,8808038400,0,recheck/cv/ee5358cf17a8d9654e14,,1.6164344116210938,0.8348444444444444
cv,dp-adam-momentum-bandinvmf,recheck,20261102,8.0,0.005,30,,d944cc51350d4d2e9f60,completed,0.7114,225,225,8.000000000000005,588.5797572489828,479.16887320019305,2.1296394364453026,8398219776,8808038400,1,recheck/cv/d944cc51350d4d2e9f60,,1.5542563991970486,0.7619777777777778
cv,dp-adam-momentum-bandinvmf,recheck,20261103,8.0,0.005,30,,282ca57196bc609535a9,completed,0.7256,225,225,8.000000000000005,603.6233725529164,487.65610597096384,2.1673604709820613,8398219776,8808038400,2,recheck/cv/282ca57196bc609535a9,,1.5405903157552083,0.7541333333333333
cv,dp-adam-momentum-bandinvmf,recheck,20261102,8.0,0.005,10,,de0ab11ce85998366192,completed,0.7126,225,225,8.000000000000005,608.0990087967366,493.9403038173914,2.1952902391884064,8398219776,8808038400,3,recheck/cv/de0ab11ce85998366192,,1.556728840467665,0.8548444444444444
cv,dp-adam-momentum-bandinvmf,recheck,20261103,8.0,0.005,10,,5603b07c109c8bf37fbd,completed,0.723,225,225,8.000000000000005,654.4466528855264,544.0443163532764,2.417974739347895,8398219776,8808038400,0,recheck/cv/5603b07c109c8bf37fbd,,1.5449897827148438,0.8390444444444445
cv,dp-adam-momentum-bias-bandinvmf,recheck,20261102,8.0,0.003,30,,2f3684a536a52c4a5950,completed,0.748,225,225,8.000000000000005,589.4945812262595,478.1543853543699,2.1251306015749774,8398219776,8808038400,1,recheck/cv/2f3684a536a52c4a5950,,1.381670179578993,0.6795555555555556
cv,dp-adam-momentum-bias-bandinvmf,recheck,20261103,8.0,0.003,30,,c9054d4c193e72fb7c97,completed,0.7594,225,225,8.000000000000005,606.6397652179003,488.3298694342375,2.170354975263278,8398219776,8808038400,2,recheck/cv/c9054d4c193e72fb7c97,,1.3716989196777343,0.6747777777777778
cv,dp-adam-momentum-bias-bandinvmf,recheck,20261102,8.0,0.003,10,,efe8015919bd579c7730,completed,0.7494,225,225,8.000000000000005,608.0068765133619,491.74835575558245,2.1855482478025885,8398219776,8808038400,3,recheck/cv/efe8015919bd579c7730,,1.3889417568630642,0.7661111111111111
cv,dp-adam-momentum-bias-bandinvmf,recheck,20261103,8.0,0.003,10,,e12b80e7c7219f24b53a,completed,0.7564,225,225,8.000000000000005,653.810135466978,544.6138515789062,2.420506007017361,8398219776,8808038400,0,recheck/cv/e12b80e7c7219f24b53a,,1.381904924858941,0.7575111111111111
cv,dp-adam-sgd-bandinvmf-scale,recheck,20261102,8.0,0.003,100,0.1,c4e3be5f8934e3d4da13,completed,0.7022,225,225,8.000000000000005,557.124648284167,442.7693093176931,1.9678635969675249,8619793408,9196011520,1,recheck/cv/c4e3be5f8934e3d4da13,,1.6038232367621528,0.7829555555555555
cv,dp-adam-sgd-bandinvmf-scale,recheck,20261103,8.0,0.003,100,0.1,a5bdc1f6168db227eb7a,completed,0.7096,225,225,8.000000000000005,564.8439038451761,448.28286270052195,1.9923682786689865,8619793408,9196011520,2,recheck/cv/a5bdc1f6168db227eb7a,,1.5779554463704426,0.7718888888888888
cv,dp-adam-sgd-bandinvmf-scale,recheck,20261102,8.0,0.003,200,0.05,91626f05c7f25622038d,completed,0.7026,225,225,8.000000000000005,573.8077911026776,456.96969279646873,2.0309764124287497,8619793408,9196011520,3,recheck/cv/91626f05c7f25622038d,,1.5976881334092883,0.7660888888888889
cv,dp-adam-sgd-bandinvmf-scale,recheck,20261103,8.0,0.003,200,0.05,839f4f338fdeedeade74,completed,0.7116,225,225,8.000000000000005,600.052398359403,489.8630662802607,2.177169183467825,8619793408,9196011520,0,recheck/cv/839f4f338fdeedeade74,,1.572889093017578,0.7561777777777777
cv,dp-adam-momentum-bandinvmf-scale,recheck,20261102,8.0,0.005,100,0.1,f9f68a3275880b3ee770,completed,0.7188,225,225,8.000000000000005,563.5564119722694,445.2960040997714,1.9790933515545395,8619793408,9196011520,1,recheck/cv/f9f68a3275880b3ee770,,1.5104502102322048,0.7589333333333333
cv,dp-adam-momentum-bandinvmf-scale,recheck,20261103,8.0,0.005,100,0.1,7bf9b2b9bd856258375c,completed,0.7314,225,225,8.000000000000005,559.7170733381063,447.93951253034174,1.99084227791263,8619793408,9196011520,2,recheck/cv/7bf9b2b9bd856258375c,,1.5044580708821615,0.7503111111111112
cv,dp-adam-momentum-bandinvmf-scale,recheck,20261102,8.0,0.005,100,0.05,532dc8b978e2fb3657bf,completed,0.7174,225,225,8.000000000000005,568.9348846953362,453.9735497944057,2.0176602213084696,8619793408,9196011520,3,recheck/cv/532dc8b978e2fb3657bf,,1.5115511847601997,0.818
cv,dp-adam-momentum-bandinvmf-scale,recheck,20261103,8.0,0.005,100,0.05,552c2fc1afc536e2ece2,completed,0.7266,225,225,8.000000000000005,598.981935525313,485.97841308638453,2.159904058161709,8619793408,9196011520,0,recheck/cv/552c2fc1afc536e2ece2,,1.507239565700955,0.8060444444444445
cv,dp-adam-momentum-bias-bandinvmf-scale,recheck,20261102,8.0,0.003,200,0.05,d21d64f5659aae3c4cfe,completed,0.7584,225,225,8.000000000000005,566.9632584434003,444.7167844045907,1.976519041798181,8619793408,9196011520,1,recheck/cv/d21d64f5659aae3c4cfe,,1.3527539896647136,0.6938888888888889
cv,dp-adam-momentum-bias-bandinvmf-scale,recheck,20261103,8.0,0.003,200,0.05,cf76b2370b6235adca04,completed,0.7662,225,225,8.000000000000005,559.7277752850205,446.47076354920864,1.9843145046631496,8619793408,9196011520,2,recheck/cv/cf76b2370b6235adca04,,1.3465744506835937,0.6898888888888889
cv,dp-adam-momentum-bias-bandinvmf-scale,recheck,20261102,8.0,0.003,200,0.1,2b6ce93ea9b999cf9b2b,completed,0.755,225,225,8.000000000000005,568.8587385341525,453.6868424843997,2.016385966597332,8619793408,9196011520,3,recheck/cv/2b6ce93ea9b999cf9b2b,,1.3542333448621962,0.6250666666666667
cv,dp-adam-momentum-bias-bandinvmf-scale,recheck,20261103,8.0,0.003,200,0.1,69d9278a7778dcf13bfe,completed,0.7686,225,225,8.000000000000005,605.7318776473403,488.79579815641046,2.1724257695840463,8619793408,9196011520,0,recheck/cv/69d9278a7778dcf13bfe,,1.3462445020887588,0.6205333333333334
nlp,dp-adam-iid,recheck,20261102,8.0,0.002,0.3,,69aad34adcfbbcd507fe,completed,0.790988969900916,310,310,8.000000000000005,89.36174583435059,79.70849616639316,0.25712418118191344,3643156992,3946840064,1,recheck/nlp/69aad34adcfbbcd507fe,,1.0572367868731098,0.3604516129032258
nlp,dp-adam-iid,recheck,20261103,8.0,0.002,0.3,,eb933c5aa419c6e7ca21,completed,0.7980931015143017,310,310,8.000000000000005,89.67583063803613,79.32936929166317,0.2559011912634296,3643156992,3946840064,1,recheck/nlp/eb933c5aa419c6e7ca21,,1.0557210398027974,0.3696935483870968
nlp,dp-adam-iid,recheck,20261102,8.0,0.002,1,,84bc88929ae3353c1466,completed,0.7902411665731912,310,310,8.000000000000007,91.69776182435453,81.25015260465443,0.2620972664666272,3643156992,3946840064,2,recheck/nlp/84bc88929ae3353c1466,,0.8552025737147178,0.35729032258064514
nlp,dp-adam-iid,recheck,20261103,8.0,0.002,1,,0f4f2fd84d7b9758e747,completed,0.7964105440269209,310,310,8.000000000000007,91.74174682609737,81.41083646938205,0.26261560151413565,3643156992,3946840064,2,recheck/nlp/0f4f2fd84d7b9758e747,,0.8595982183641003,0.3641774193548387
nlp,dp-adam-sgd-bandinvmf,recheck,20261102,8.0,0.005,20,,7d7c112a18056c929a28,completed,0.818657693026734,310,310,8.000000000000007,92.47191040404141,81.92130297794938,0.26426226767080446,3695762944,3955228672,1,recheck/nlp/7d7c112a18056c929a28,,0.42483323570989795,0.2554193548387097
nlp,dp-adam-sgd-bandinvmf,recheck,20261103,8.0,0.005,20,,a9059870739265aa5c92,completed,0.8330529070854366,310,310,8.000000000000007,92.33445630967617,82.18154656514525,0.2651017631133718,3695762944,3955228672,1,recheck/nlp/a9059870739265aa5c92,,0.424947022468813,0.2736774193548387
nlp,dp-adam-sgd-bandinvmf,recheck,20261102,8.0,0.005,10,,99f9e4eea8d7063c8385,completed,0.8160403813796971,310,310,8.000000000000007,93.2706639058888,82.33806892856956,0.2656066739631276,3695762944,3955228672,3,recheck/nlp/99f9e4eea8d7063c8385,,0.4750619408392137,0.2674354838709677
nlp,dp-adam-sgd-bandinvmf,recheck,20261103,8.0,0.005,10,,f1f4bd33549acc5b6ebd,completed,0.8347354645728173,310,310,8.000000000000007,93.46250905096531,82.63047938421369,0.2665499334974635,3695762944,3955228672,3,recheck/nlp/f1f4bd33549acc5b6ebd,,0.4717978279359879,0.2797903225806452
nlp,dp-adam-momentum-bandinvmf,recheck,20261102,8.0,0.005,1,,5306f1a0d7aeb2a17cf4,completed,0.7939801832118153,310,310,8.000000000000005,91.81513448618352,80.1873699259013,0.25866893524484286,3695762944,3955228672,2,recheck/nlp/5306f1a0d7aeb2a17cf4,,0.8759984416346396,0.35724193548387095
nlp,dp-adam-momentum-bandinvmf,recheck,20261103,8.0,0.005,1,,689db16d49f2c28461b0,completed,0.7977191998504394,310,310,8.000000000000005,92.33596032299101,79.97812603972852,0.2579939549668662,3695762944,3955228672,2,recheck/nlp/689db16d49f2c28461b0,,0.8661810273201235,0.3651774193548387
nlp,dp-adam-momentum-bandinvmf,recheck,20261102,8.0,0.005,10,,cf81f91d04dd264bcac3,completed,0.8031407739764442,310,310,8.000000000000005,91.09328821860254,80.66721236146986,0.2602168140692576,3695762944,3955228672,1,recheck/nlp/cf81f91d04dd264bcac3,,0.551346927765877,0.36843548387096775
nlp,dp-adam-momentum-bandinvmf,recheck,20261103,8.0,0.005,10,,ac67e8e119a8b26fa22f,completed,0.8108057580856235,310,310,8.000000000000005,91.29388218000531,80.34263398498297,0.25916978704833216,3695762944,3955228672,1,recheck/nlp/ac67e8e119a8b26fa22f,,0.5533045900406376,0.36856451612903224
nlp,dp-adam-momentum-bias-bandinvmf,recheck,20261102,8.0,0.005,1,,dc59a01fe99e819c6857,completed,0.8096840530940362,310,310,8.000000000000005,92.9147864188999,80.75557081028819,0.2605018413235103,3695762944,3955228672,3,recheck/nlp/dc59a01fe99e819c6857,,0.788843243998866,0.2810161290322581
nlp,dp-adam-momentum-bias-bandinvmf,recheck,20261103,8.0,0.005,1,,265a037c5151930ead55,completed,0.8246401196485325,310,310,8.000000000000005,92.874586192891,80.74191948957741,0.26045780480508846,3695762944,3955228672,3,recheck/nlp/265a037c5151930ead55,,0.7846049568422379,0.2854032258064516
nlp,dp-adam-momentum-bias-bandinvmf,recheck,20261102,8.0,0.005,20,,a51cfa5c701683dd98ae,completed,0.8229575621611516,310,310,8.000000000000005,90.89274479262531,78.6530774962157,0.25371960482650224,3695762944,3955228672,2,recheck/nlp/a51cfa5c701683dd98ae,,0.43217964959913685,0.27533870967741936
nlp,dp-adam-momentum-bias-bandinvmf,recheck,20261103,8.0,0.005,20,,0aa1978feaf694a9cf66,completed,0.8309964479341934,310,310,8.000000000000005,90.72861215285957,78.64310981705785,0.25368745102276724,3695762944,3955228672,2,recheck/nlp/0aa1978feaf694a9cf66,,0.4326272253221081,0.28843548387096773
nlp,dp-adam-sgd-bandinvmf-scale,recheck,20261102,8.0,0.005,300,0.01,07073b66b8d4b0b014c3,completed,0.8323051037577117,310,310,8.000000000000007,90.86989708803594,80.17168981209397,0.2586183542325612,4061907456,4215275520,1,recheck/nlp/07073b66b8d4b0b014c3,,0.4585703297276651,0.24127419354838708
nlp,dp-adam-sgd-bandinvmf-scale,recheck,20261103,8.0,0.005,300,0.01,5d6012f9cbd1e1832206,completed,0.8442699570013087,310,310,8.000000000000007,91.51225519366562,80.62823758274317,0.2600910889765909,4061907456,4215275520,1,recheck/nlp/5d6012f9cbd1e1832206,,0.46491722156155496,0.23625806451612905
nlp,dp-adam-sgd-bandinvmf-scale,recheck,20261102,8.0,0.005,300,0.005,21819ca54ed1ac3e1cb2,completed,0.8276313329594317,310,310,8.000000000000007,91.40347006730735,80.31445288658142,0.25907888027929493,4061907456,4215275520,3,recheck/nlp/21819ca54ed1ac3e1cb2,,0.5400741798646989,0.24329032258064517
nlp,dp-adam-sgd-bandinvmf-scale,recheck,20261103,8.0,0.005,300,0.005,d5c05096e0390104e7e6,completed,0.8416526453542719,310,310,8.000000000000007,91.65943080745637,80.29116401821375,0.2590037548974637,4061907456,4215275520,3,recheck/nlp/d5c05096e0390104e7e6,,0.5344876999393586,0.2445967741935484
nlp,dp-adam-momentum-bandinvmf-scale,recheck,20261102,8.0,0.005,200,0.01,9f169020c89a2e1e9ba1,completed,0.8151056272200411,310,310,8.000000000000005,92.39840298518538,79.57198456861079,0.2566838211890671,4061907456,4215275520,2,recheck/nlp/9f169020c89a2e1e9ba1,,0.4170637910904423,0.1878064516129032
nlp,dp-adam-momentum-bandinvmf-scale,recheck,20261103,8.0,0.005,200,0.01,2875d7dbb1eb82cbb79d,completed,0.8192185455225276,310,310,8.000000000000005,92.42244518920779,80.1563235744834,0.25856878572414,4061907456,4215275520,2,recheck/nlp/2875d7dbb1eb82cbb79d,,0.4170490983532321,0.20229032258064517
nlp,dp-adam-momentum-bandinvmf-scale,recheck,20261102,8.0,0.005,200,0.005,c5b0bea6f97bb5752b44,completed,0.8162273322116284,310,310,8.000000000000005,98.95759768411517,85.60464214533567,0.27614400692043767,4061907456,4215275520,0,recheck/nlp/c5b0bea6f97bb5752b44,,0.4387916870117187,0.2691774193548387
nlp,dp-adam-momentum-bandinvmf-scale,recheck,20261103,8.0,0.005,200,0.005,74ff2f33902dce119155,completed,0.8194054963544588,310,310,8.000000000000005,98.31487621553242,85.5754744708538,0.2760499176479155,4061907456,4215275520,0,recheck/nlp/74ff2f33902dce119155,,0.4375798905895602,0.2698709677419355
nlp,dp-adam-momentum-bias-bandinvmf-scale,recheck,20261102,8.0,0.005,300,0.01,e6ec57e796feafb9b07e,completed,0.8375397270517854,310,310,8.000000000000005,95.13634017296135,80.18276852928102,0.2586540920299388,4061907456,4215275520,1,recheck/nlp/e6ec57e796feafb9b07e,,0.3994918242423765,0.23811290322580644
nlp,dp-adam-momentum-bias-bandinvmf-scale,recheck,20261103,8.0,0.005,300,0.01,4a3bc7b5ed9ef7def241,completed,0.8450177603290334,310,310,8.000000000000005,94.42637069150805,80.51914254762232,0.2597391695084591,4061907456,4215275520,1,recheck/nlp/4a3bc7b5ed9ef7def241,,0.4063831280123803,0.22874193548387098
nlp,dp-adam-momentum-bias-bandinvmf-scale,recheck,20261102,8.0,0.005,300,0.005,504c557769c295e839aa,completed,0.8401570386988222,310,310,8.000000000000005,94.66896851174533,79.91613107174635,0.2577939711991818,4061907456,4215275520,3,recheck/nlp/504c557769c295e839aa,,0.4531300821611958,0.2424193548387097
nlp,dp-adam-momentum-bias-bandinvmf-scale,recheck,20261103,8.0,0.005,300,0.005,2918b2282d483e0b8ffa,completed,0.8437091045055151,310,310,8.000000000000005,93.96428897790611,80.33671249635518,0.25915068547211345,4061907456,4215275520,3,recheck/nlp/2918b2282d483e0b8ffa,,0.4559969792519846,0.24053225806451614
cv,dp-adam-iid,final,20261111,8,0.0005,30,,b2bf7eb507fc011b9e63,completed,0.5986,250,250,8.000000000000007,749.235842410475,593.5615437123924,2.37424617484957,8331626496,8734638080,0,final/cv/b2bf7eb507fc011b9e63,,2.0199802154541016,0.89462
cv,dp-adam-sgd-bandinvmf,final,20261111,8,0.003,30,,a4ca6910ffa4743845f7,completed,0.7015,250,250,8.000000000000005,696.2785214409232,535.8025376982987,2.1432101507931947,8398219776,8808038400,1,final/cv/a4ca6910ffa4743845f7,,1.5777409552001953,0.71186
cv,dp-adam-momentum-bandinvmf,final,20261111,8,0.005,30,,5d12753907fdbcabafbd,completed,0.7309,250,250,8.000000000000005,694.6994152441621,537.2703040279448,2.1490812161117794,8398219776,8808038400,2,final/cv/5d12753907fdbcabafbd,,1.489471600341797,0.72702
cv,dp-adam-momentum-bias-bandinvmf,final,20261111,8,0.003,30,,1c9dfd58a8210743e8cb,completed,0.7694,250,250,8.000000000000005,710.9418414700776,547.7141460608691,2.1908565842434764,8398219776,8808038400,3,final/cv/1c9dfd58a8210743e8cb,,1.3356845196533202,0.6552
cv,dp-adam-sgd-bandinvmf-scale,final,20261111,8,0.003,200,0.05,54b021eaf4dc6880587a,completed,0.7038,250,250,8.000000000000005,653.0722897555679,497.4192013759166,1.9896768055036664,8619793408,9196011520,2,final/cv/54b021eaf4dc6880587a,,1.578435248413086,0.74942
cv,dp-adam-momentum-bandinvmf-scale,final,20261111,8,0.005,100,0.1,9aae6e152f295e7c4d71,completed,0.7396,250,250,8.000000000000005,643.6626594737172,490.65545174479485,1.9626218069791794,8619793408,9196011520,1,final/cv/9aae6e152f295e7c4d71,,1.4581068267822266,0.72682
cv,dp-adam-momentum-bias-bandinvmf-scale,final,20261111,8,0.003,200,0.05,a5724c00b774cde910cb,completed,0.7729,250,250,8.000000000000005,663.8139341808856,505.14457857608795,2.020578314304352,8619793408,9196011520,3,final/cv/a5724c00b774cde910cb,,1.3191847589111327,0.67122
cv,dp-adam-iid,final,20261112,8,0.0005,30,,87e3746e2d0370639b6c,completed,0.6064,250,250,8.000000000000007,757.1102002039552,595.3804347217083,2.3815217388868333,8331626496,8734638080,0,final/cv/87e3746e2d0370639b6c,,2.0292993658447265,0.9059
cv,dp-adam-sgd-bandinvmf,final,20261112,8,0.003,30,,2fb1480c387fcea32651,completed,0.7078,250,250,8.000000000000005,683.5793940462172,531.4014374334365,2.125605749733746,8398219776,8808038400,1,final/cv/2fb1480c387fcea32651,,1.5715707568359376,0.71424
cv,dp-adam-momentum-bandinvmf,final,20261112,8,0.005,30,,e7411b5de627f4089018,completed,0.7324,250,250,8.000000000000005,687.1748353932053,538.8541786447167,2.155416714578867,8398219776,8808038400,2,final/cv/e7411b5de627f4089018,,1.4820554064941407,0.73284
cv,dp-adam-momentum-bias-bandinvmf,final,20261112,8,0.003,30,,6fe2574dac6887f40ded,completed,0.7709,250,250,8.000000000000005,700.5760163553059,546.9149869009852,2.187659947603941,8398219776,8808038400,3,final/cv/6fe2574dac6887f40ded,,1.3270553546142578,0.65482
cv,dp-adam-sgd-bandinvmf-scale,final,20261112,8,0.003,200,0.05,8eda6c988ddc6098afe1,completed,0.7147,250,250,8.000000000000005,694.0284037552774,542.9772038497031,2.171908815398812,8619793408,9196011520,0,final/cv/8eda6c988ddc6098afe1,,1.5695415893554687,0.75084
cv,dp-adam-momentum-bandinvmf-scale,final,20261112,8,0.005,100,0.1,a055d96ea3ef81b490a9,completed,0.7398,250,250,8.000000000000005,644.0617898423225,492.9754803702235,1.9719019214808942,8619793408,9196011520,1,final/cv/a055d96ea3ef81b490a9,,1.4481787426757813,0.7345
cv,dp-adam-momentum-bias-bandinvmf-scale,final,20261112,8,0.003,200,0.05,d6bbab634f92930953ef,completed,0.7772,250,250,8.000000000000005,643.1375484764576,496.11398022063076,1.984455920882523,8619793408,9196011520,2,final/cv/d6bbab634f92930953ef,,1.309271769104004,0.67172
cv,dp-adam-iid,final,20261113,8,0.0005,30,,496ea56a0ced76184172,completed,0.6136,250,250,8.000000000000007,697.9330415576696,544.0500302873552,2.176200121149421,8331626496,8734638080,3,final/cv/496ea56a0ced76184172,,1.9573718481445312,0.88832
cv,dp-adam-sgd-bandinvmf,final,20261113,8,0.003,30,,79f23d01d5115d1b189b,completed,0.7025,250,250,8.000000000000005,751.0817771013826,597.3436182457954,2.3893744729831816,8398219776,8808038400,0,final/cv/79f23d01d5115d1b189b,,1.56237046875,0.71556
cv,dp-adam-momentum-bandinvmf,final,20261113,8,0.005,30,,3803b0508d495e64ea0d,completed,0.7339,250,250,8.000000000000005,690.3409102112055,531.3304684497416,2.1253218737989665,8398219776,8808038400,1,final/cv/3803b0508d495e64ea0d,,1.4467881237792968,0.7213
cv,dp-adam-momentum-bias-bandinvmf,final,20261113,8,0.003,30,,6b6a2760fea7f340b7cc,completed,0.7723,250,250,8.000000000000005,692.8525113817304,536.6184615567327,2.1464738462269306,8398219776,8808038400,2,final/cv/6b6a2760fea7f340b7cc,,1.3075485363769532,0.64934
cv,dp-adam-sgd-bandinvmf-scale,final,20261113,8,0.003,200,0.05,94838db8fe58ada31d35,completed,0.7046,250,250,8.000000000000005,655.2520193569362,504.82192476838827,2.019287699073553,8619793408,9196011520,3,final/cv/94838db8fe58ada31d35,,1.5648054296875,0.75254
cv,dp-adam-momentum-bandinvmf-scale,final,20261113,8,0.005,100,0.1,426e6aed46f98bdf58d9,completed,0.7427,250,250,8.000000000000005,684.7951507102698,538.9214896038175,2.15568595841527,8619793408,9196011520,0,final/cv/426e6aed46f98bdf58d9,,1.4166659399414063,0.72128
cv,dp-adam-momentum-bias-bandinvmf-scale,final,20261113,8,0.003,200,0.05,9597f6f6eafe0b80bff8,completed,0.7769,250,250,8.000000000000005,648.5765546076,492.7240626718849,1.9708962506875396,8619793408,9196011520,1,final/cv/9597f6f6eafe0b80bff8,,1.292690606994629,0.66616
cv,dp-adam-iid,final,20261114,8,0.0005,30,,4a790aca6c9e25a90d10,completed,0.5779,250,250,8.000000000000007,684.0150294136256,535.1730155162513,2.140692062065005,8331626496,8734638080,2,final/cv/4a790aca6c9e25a90d10,,2.072398157348633,0.9057
cv,dp-adam-sgd-bandinvmf,final,20261114,8,0.003,30,,10559148952a92b14ec8,completed,0.6942,250,250,8.000000000000005,697.9165171273053,544.4112225677818,2.1776448902711274,8398219776,8808038400,3,final/cv/10559148952a92b14ec8,,1.5913027380371094,0.72202
cv,dp-adam-momentum-bandinvmf,final,20261114,8,0.005,30,,8d3a584c1688115e8502,completed,0.7175,250,250,8.000000000000005,748.8900065012276,597.4380099009722,2.389752039603889,8398219776,8808038400,0,final/cv/8d3a584c1688115e8502,,1.5077789471435548,0.73548
cv,dp-adam-momentum-bias-bandinvmf,final,20261114,8,0.003,30,,60702af2b5645af67f00,completed,0.7594,250,250,8.000000000000005,687.7227300647646,531.3053324688226,2.1252213298752904,8398219776,8808038400,1,final/cv/60702af2b5645af67f00,,1.3505097998046875,0.66394
cv,dp-adam-sgd-bandinvmf-scale,final,20261114,8,0.003,200,0.05,c16f8074d8d00c96a032,completed,0.6946,250,250,8.000000000000005,651.1460928600281,497.72447931207716,1.9908979172483086,8619793408,9196011520,2,final/cv/c16f8074d8d00c96a032,,1.5909450720214844,0.75922
cv,dp-adam-momentum-bandinvmf-scale,final,20261114,8,0.005,100,0.1,bdb87446ac559e01876c,completed,0.727,250,250,8.000000000000005,658.1217739358544,506.7579298093915,2.027031719237566,8619793408,9196011520,3,final/cv/bdb87446ac559e01876c,,1.4728656848144532,0.73808
cv,dp-adam-momentum-bias-bandinvmf-scale,final,20261114,8,0.003,200,0.05,3fb78acfd638aa6b25c0,completed,0.7637,250,250,8.000000000000005,696.3788326978683,541.4730186387897,2.1658920745551584,8619793408,9196011520,0,final/cv/3fb78acfd638aa6b25c0,,1.3289144787597655,0.67942
cv,dp-adam-iid,final,20261115,8,0.0005,30,,f5f669476c8232ee39dc,completed,0.5777,250,250,8.000000000000007,679.2777465898544,531.2212027050555,2.124884810820222,8331626496,8734638080,1,final/cv/f5f669476c8232ee39dc,,2.1109529541015624,0.91146
cv,dp-adam-sgd-bandinvmf,final,20261115,8,0.003,30,,77a2ccfd922b76ae8a91,completed,0.7001,250,250,8.000000000000005,690.1587470434606,539.7893053814769,2.1591572215259074,8398219776,8808038400,2,final/cv/77a2ccfd922b76ae8a91,,1.5819837841796875,0.71968
cv,dp-adam-momentum-bandinvmf,final,20261115,8,0.005,30,,44c585dcf28710a9fa58,completed,0.723,250,250,8.000000000000005,698.842181250453,546.749673338607,2.1869986933544276,8398219776,8808038400,3,final/cv/44c585dcf28710a9fa58,,1.5190664379882812,0.74306
cv,dp-adam-momentum-bias-bandinvmf,final,20261115,8,0.003,30,,f7c75801e9fa705a0edc,completed,0.759,250,250,8.000000000000005,753.5888725072145,601.2842931952327,2.405137172780931,8398219776,8808038400,0,final/cv/f7c75801e9fa705a0edc,,1.3618682427978515,0.66994
cv,dp-adam-sgd-bandinvmf-scale,final,20261115,8,0.003,200,0.05,01d215eae128403e451d,completed,0.7061,250,250,8.000000000000005,645.2126990612596,494.9801502805203,1.9799206011220813,8619793408,9196011520,1,final/cv/01d215eae128403e451d,,1.5806645782470703,0.75668
cv,dp-adam-momentum-bandinvmf-scale,final,20261115,8,0.005,100,0.1,c8ee8456e718da1738fc,completed,0.7309,250,250,8.000000000000005,651.0430799033493,502.2736061066389,2.009094424426556,8619793408,9196011520,2,final/cv/c8ee8456e718da1738fc,,1.4963226947021484,0.74746
cv,dp-adam-momentum-bias-bandinvmf-scale,final,20261115,8,0.003,200,0.05,26ffea35c8e12e375efc,completed,0.7664,250,250,8.000000000000005,663.2026967853308,507.2945403177291,2.0291781612709165,8619793408,9196011520,3,final/cv/26ffea35c8e12e375efc,,1.3456281451416017,0.68644
cv,dp-adam-iid,final,20261116,8,0.0005,30,,ac89c5c5a78a9aef2118,completed,0.6256,250,250,8.000000000000007,754.7666293289512,604.3037515468895,2.417215006187558,8331626496,8734638080,0,final/cv/ac89c5c5a78a9aef2118,,1.9338623236083985,0.88148
cv,dp-adam-sgd-bandinvmf,final,20261116,8,0.003,30,,614006ca33913fbbd4c4,completed,0.706,250,250,8.000000000000005,680.5470684189349,531.86518958956,2.1274607583582403,8398219776,8808038400,1,final/cv/614006ca33913fbbd4c4,,1.5574766430664062,0.70836
cv,dp-adam-momentum-bandinvmf,final,20261116,8,0.005,30,,8184ba350bd0a0fc58b5,completed,0.7385,250,250,8.000000000000005,695.3247199784964,540.8594947960228,2.163437979184091,8398219776,8808038400,2,final/cv/8184ba350bd0a0fc58b5,,1.445491629638672,0.71328
cv,dp-adam-momentum-bias-bandinvmf,final,20261116,8,0.003,30,,61b437047d15e058ba41,completed,0.7695,250,250,8.000000000000005,698.452498016879,546.474735731259,2.185898942925036,8398219776,8808038400,3,final/cv/61b437047d15e058ba41,,1.3160708010864257,0.64672
cv,dp-adam-sgd-bandinvmf-scale,final,20261116,8,0.003,200,0.05,99a862918bcbf69ddd7d,completed,0.7095,250,250,8.000000000000005,690.776749452576,539.79502344504,2.1591800937801597,8619793408,9196011520,0,final/cv/99a862918bcbf69ddd7d,,1.5574150451660156,0.74528
cv,dp-adam-momentum-bandinvmf-scale,final,20261116,8,0.005,100,0.1,df629f95a800e8b855be,completed,0.7474,250,250,8.000000000000005,640.2552194651216,490.68187738209963,1.9627275095283985,8619793408,9196011520,1,final/cv/df629f95a800e8b855be,,1.4093970379638672,0.71274
cv,dp-adam-momentum-bias-bandinvmf-scale,final,20261116,8,0.003,200,0.05,3a503bf7f506dddeb454,completed,0.7784,250,250,8.000000000000005,647.2922906782478,496.7593040447682,1.9870372161790728,8619793408,9196011520,2,final/cv/3a503bf7f506dddeb454,,1.2957375759887695,0.6612
cv,dp-adam-iid,final,20261117,8,0.0005,30,,c5ceb7df7527916228e2,completed,0.6045,250,250,8.000000000000007,695.7516059465706,546.1247515100986,2.184499006040394,8331626496,8734638080,3,final/cv/c5ceb7df7527916228e2,,2.036587426147461,0.90926
cv,dp-adam-sgd-bandinvmf,final,20261117,8,0.003,30,,62a9379bbd2cceeca036,completed,0.7015,250,250,8.000000000000005,750.7870196234435,596.9741638302803,2.3878966553211214,8398219776,8808038400,0,final/cv/62a9379bbd2cceeca036,,1.5853455126953124,0.71866
cv,dp-adam-momentum-bandinvmf,final,20261117,8,0.005,30,,87793e279c6a2ebe5f43,completed,0.7278,250,250,8.000000000000005,676.3628105670214,530.5628825630993,2.122251530252397,8398219776,8808038400,1,final/cv/87793e279c6a2ebe5f43,,1.51282890625,0.73944
cv,dp-adam-momentum-bias-bandinvmf,final,20261117,8,0.003,30,,e30fbee832a01493a337,completed,0.7719,250,250,8.000000000000005,695.4714626017958,537.0043320003897,2.1480173280015586,8398219776,8808038400,2,final/cv/e30fbee832a01493a337,,1.342547035522461,0.65928
cv,dp-adam-sgd-bandinvmf-scale,final,20261117,8,0.003,200,0.05,0a713dccbe5642b4178b,completed,0.7042,250,250,8.000000000000005,652.8599041122943,503.5322820059955,2.014129128023982,8619793408,9196011520,3,final/cv/0a713dccbe5642b4178b,,1.5827347509765626,0.75528
cv,dp-adam-momentum-bandinvmf-scale,final,20261117,8,0.005,100,0.1,2a8f6d41b8072385fbb5,completed,0.7381,250,250,8.000000000000005,640.20269898884,491.7625451441854,1.9670501805767417,8619793408,9196011520,1,final/cv/2a8f6d41b8072385fbb5,,1.466225679321289,0.73596
cv,dp-adam-momentum-bias-bandinvmf-scale,final,20261117,8,0.003,200,0.05,f4dc11a0634ee09f1c66,completed,0.7751,250,250,8.000000000000005,693.9613361451775,542.3136569000781,2.169254627600312,8619793408,9196011520,0,final/cv/f4dc11a0634ee09f1c66,,1.3203426953125,0.6753
cv,dp-adam-iid,final,20261118,8,0.0005,30,,a4714c3794912d94bd11,completed,0.6022,250,250,8.000000000000007,691.7553006894886,539.2914261482656,2.1571657045930626,8331626496,8734638080,2,final/cv/a4714c3794912d94bd11,,2.0067075708007813,0.90104
cv,dp-adam-sgd-bandinvmf,final,20261118,8,0.003,30,,ec5c6a175fb1bc918ef7,completed,0.7012,250,250,8.000000000000005,692.4217034708709,545.4462447687984,2.1817849790751933,8398219776,8808038400,3,final/cv/ec5c6a175fb1bc918ef7,,1.5588356030273438,0.71832
cv,dp-adam-momentum-bandinvmf,final,20261118,8,0.005,30,,d0cd9db9d4146dfe6aaa,completed,0.7301,250,250,8.000000000000005,678.6162803117186,531.1757649499923,2.124703059799969,8398219776,8808038400,1,final/cv/d0cd9db9d4146dfe6aaa,,1.473288958129883,0.7319
cv,dp-adam-momentum-bias-bandinvmf,final,20261118,8,0.003,30,,7f11d1f7b0d84eac0362,completed,0.7649,250,250,8.000000000000005,754.8728102836758,599.5846258923411,2.3983385035693647,8398219776,8808038400,0,final/cv/7f11d1f7b0d84eac0362,,1.323935521850586,0.65886
cv,dp-adam-sgd-bandinvmf-scale,final,20261118,8,0.003,200,0.05,e35b5005f4e5220027c7,completed,0.7083,250,250,8.000000000000005,650.0615058969706,498.65638376399875,1.994625535055995,8619793408,9196011520,2,final/cv/e35b5005f4e5220027c7,,1.553725526123047,0.75436
cv,dp-adam-momentum-bandinvmf-scale,final,20261118,8,0.005,100,0.1,039bb5c405c01abf2d62,completed,0.7384,250,250,8.000000000000005,652.705079851672,503.1459747031331,2.0125838988125326,8619793408,9196011520,3,final/cv/039bb5c405c01abf2d62,,1.4313499108886718,0.72816
cv,dp-adam-momentum-bias-bandinvmf-scale,final,20261118,8,0.003,200,0.05,59478e450049f07105a1,completed,0.7712,250,250,8.000000000000005,642.3364626709372,492.02609593607485,1.9681043837442993,8619793408,9196011520,1,final/cv/59478e450049f07105a1,,1.2980635595703125,0.6747
cv,dp-adam-iid,final,20261119,8,0.0005,30,,dddec65289b723b719e6,completed,0.6282,250,250,8.000000000000007,693.581496424973,540.8571340441704,2.1634285361766814,8331626496,8734638080,2,final/cv/dddec65289b723b719e6,,1.9301840411376954,0.8883
cv,dp-adam-sgd-bandinvmf,final,20261119,8,0.003,30,,9bfc92539bab1418f272,completed,0.7119,250,250,8.000000000000005,758.4375358503312,601.5075481217355,2.406030192486942,8398219776,8808038400,0,final/cv/9bfc92539bab1418f272,,1.5478432824707031,0.70956
cv,dp-adam-momentum-bandinvmf,final,20261119,8,0.005,30,,71aed7ec0ea186413a82,completed,0.7475,250,250,8.000000000000005,698.4332915470004,545.505299039185,2.1820211961567404,8398219776,8808038400,3,final/cv/71aed7ec0ea186413a82,,1.4250364501953126,0.71184
cv,dp-adam-momentum-bias-bandinvmf,final,20261119,8,0.003,30,,ec9f8ce2b58ffb6e003c,completed,0.7752,250,250,8.000000000000005,686.2778336293995,532.9252569451928,2.131701027780771,8398219776,8808038400,1,final/cv/ec9f8ce2b58ffb6e003c,,1.2994350665283203,0.6459
cv,dp-adam-sgd-bandinvmf-scale,final,20261119,8,0.003,200,0.05,5ca4a1d9697831b0053f,completed,0.7177,250,250,8.000000000000005,649.1858245618641,498.4758129566908,1.9939032518267632,8619793408,9196011520,2,final/cv/5ca4a1d9697831b0053f,,1.5437423455810546,0.74538
cv,dp-adam-momentum-bandinvmf-scale,final,20261119,8,0.005,100,0.1,f754883681b0af37fa43,completed,0.7546,250,250,8.000000000000005,701.8535294122994,541.6153385918587,2.166461354367435,8619793408,9196011520,0,final/cv/f754883681b0af37fa43,,1.3892490240478517,0.71106
cv,dp-adam-momentum-bias-bandinvmf-scale,final,20261119,8,0.003,200,0.05,a23a93790b66a0b3ef34,completed,0.7796,250,250,8.000000000000005,657.8371873088181,502.9513270556927,2.0118053082227707,8619793408,9196011520,3,final/cv/a23a93790b66a0b3ef34,,1.2775121557617188,0.65912
cv,dp-adam-iid,final,20261120,8,0.0005,30,,8e3dd4350da6f1313352,completed,0.5842,250,250,8.000000000000007,677.3622849751264,529.1159222535789,2.116463689014316,8331626496,8734638080,1,final/cv/8e3dd4350da6f1313352,,2.086753603515625,0.91538
cv,dp-adam-sgd-bandinvmf,final,20261120,8,0.003,30,,799c0ef7f2f7a1e49c17,completed,0.6956,250,250,8.000000000000005,691.0149531122297,535.3382617607713,2.141353047043085,8398219776,8808038400,2,final/cv/799c0ef7f2f7a1e49c17,,1.5930718463134765,0.72284
cv,dp-adam-momentum-bandinvmf,final,20261120,8,0.005,30,,1d81b29c2729e1c69147,completed,0.7166,250,250,8.000000000000005,695.268204504624,544.9897567294538,2.1799590269178153,8398219776,8808038400,3,final/cv/1d81b29c2729e1c69147,,1.537905126953125,0.75364
cv,dp-adam-momentum-bias-bandinvmf,final,20261120,8,0.003,30,,1db8b40814ea5bd42c68,completed,0.7599,250,250,8.000000000000005,751.0063593108207,595.3704417776316,2.3814817671105266,8398219776,8808038400,0,final/cv/1db8b40814ea5bd42c68,,1.3611423016357422,0.6693
cv,dp-adam-sgd-bandinvmf-scale,final,20261120,8,0.003,200,0.05,eb81913e1c65f84f5e9f,completed,0.6975,250,250,8.000000000000005,642.6791674867272,491.76579279080033,1.9670631711632014,8619793408,9196011520,1,final/cv/eb81913e1c65f84f5e9f,,1.5887673181152344,0.75938
cv,dp-adam-momentum-bandinvmf-scale,final,20261120,8,0.005,100,0.1,3c8ec2ab8277ffeaea2b,completed,0.7251,250,250,8.000000000000005,658.6041068695486,499.773794580251,1.9990951783210038,8619793408,9196011520,2,final/cv/3c8ec2ab8277ffeaea2b,,1.494895869140625,0.75018
cv,dp-adam-momentum-bias-bandinvmf-scale,final,20261120,8,0.003,200,0.05,76e004fd13dc89d111a8,completed,0.7638,250,250,8.000000000000005,656.1546923089772,504.26764382980764,2.0170705753192304,8619793408,9196011520,3,final/cv/76e004fd13dc89d111a8,,1.341121246948242,0.6862
nlp,dp-adam-iid,final,20261111,8,0.002,0.3,,fee4dcde91fa57085f11,completed,0.7637614678899083,310,310,8.000000000000005,94.1393504794687,86.19988434389234,0.27806414304481397,3643156992,3946840064,0,final/nlp/fee4dcde91fa57085f11,,1.005642557451802,0.3729677419354839
nlp,dp-adam-sgd-bandinvmf,final,20261111,8,0.005,20,,5f3c54ec3615f5bcd830,completed,0.768348623853211,310,310,8.000000000000007,95.06548726372421,86.59582748450339,0.279341378982269,3695762944,3955228672,0,final/nlp/5f3c54ec3615f5bcd830,,0.41952359402564265,0.26188709677419353
nlp,dp-adam-momentum-bandinvmf,final,20261111,8,0.005,10,,b7c17fd647d5cb0f3e71,completed,0.7534403669724771,310,310,8.000000000000005,96.44025133177638,87.69155237078667,0.2828759753896344,3695762944,3955228672,0,final/nlp/b7c17fd647d5cb0f3e71,,0.545377694406817,0.3458225806451613
nlp,dp-adam-momentum-bias-bandinvmf,final,20261111,8,0.005,20,,da43bdfab2c2f77a7e00,completed,0.7660550458715596,310,310,8.000000000000005,97.94953842647374,87.84697449021041,0.28337733706519486,3695762944,3955228672,0,final/nlp/da43bdfab2c2f77a7e00,,0.42842320694461944,0.27464516129032257
nlp,dp-adam-sgd-bandinvmf-scale,final,20261111,8,0.005,300,0.01,17e988532f986b4737ca,completed,0.7844036697247706,310,310,8.000000000000007,96.49623337946832,88.14130002446473,0.2843267742724669,4061907456,4215275520,0,final/nlp/17e988532f986b4737ca,,0.44054344029580395,0.24348387096774193
nlp,dp-adam-momentum-bandinvmf-scale,final,20261111,8,0.005,200,0.01,3c14ef29981366595552,completed,0.7717889908256881,310,310,8.000000000000005,96.77395191416144,87.65707777254283,0.2827647670082027,4061907456,4215275520,0,final/nlp/3c14ef29981366595552,,0.4123518977011404,0.20943548387096775
nlp,dp-adam-momentum-bias-bandinvmf-scale,final,20261111,8,0.005,300,0.01,40963e55c17cb1b04527,completed,0.7901376146788991,310,310,8.000000000000005,89.33886072039604,78.82342125102878,0.2542691008097702,4061907456,4215275520,1,final/nlp/40963e55c17cb1b04527,,0.3978624257733745,0.2367741935483871
nlp,dp-adam-iid,final,20261112,8,0.002,0.3,,5eb40c53e235b814905c,completed,0.7637614678899083,310,310,8.000000000000005,86.52625191397965,78.35274502262473,0.25275079039556364,3643156992,3946840064,1,final/nlp/5eb40c53e235b814905c,,1.0352403672741306,0.3667258064516129
nlp,dp-adam-sgd-bandinvmf,final,20261112,8,0.005,20,,2d464c29f3e6ca17b6c7,completed,0.786697247706422,310,310,8.000000000000007,95.76562966033816,86.85604821145535,0.28018080068211404,3695762944,3955228672,0,final/nlp/2d464c29f3e6ca17b6c7,,0.42316644828550276,0.267
nlp,dp-adam-momentum-bandinvmf,final,20261112,8,0.005,10,,2798224bf7c57e7261a7,completed,0.7809633027522935,310,310,8.000000000000005,95.386569455266,86.82101468555629,0.2800677893082461,3695762944,3955228672,0,final/nlp/2798224bf7c57e7261a7,,0.548782487438571,0.3675322580645161
nlp,dp-adam-momentum-bias-bandinvmf,final,20261112,8,0.005,20,,066a0a509e4d676ebb23,completed,0.7844036697247706,310,310,8.000000000000005,90.24514544941485,79.43755493313074,0.25625017720364757,3695762944,3955228672,1,final/nlp/066a0a509e4d676ebb23,,0.4318980835945376,0.28738709677419355
nlp,dp-adam-sgd-bandinvmf-scale,final,20261112,8,0.005,300,0.01,6bf125087841c2646eb1,completed,0.7855504587155964,310,310,8.000000000000007,88.91882249899209,80.05388268455863,0.2582383312405117,4061907456,4215275520,1,final/nlp/6bf125087841c2646eb1,,0.4601806315760459,0.24796774193548388
nlp,dp-adam-momentum-bandinvmf-scale,final,20261112,8,0.005,200,0.01,74c456689d6f89677909,completed,0.7912844036697247,310,310,8.000000000000005,94.5980753172189,85.83594778552651,0.27689015414685975,4061907456,4215275520,0,final/nlp/74c456689d6f89677909,,0.41593240208779614,0.21529032258064515
nlp,dp-adam-momentum-bias-bandinvmf-scale,final,20261112,8,0.005,300,0.01,73d19274cdd04809a5d7,completed,0.7924311926605505,310,310,8.000000000000005,96.28087142296135,86.20172347128391,0.2780700757138191,4061907456,4215275520,0,final/nlp/73d19274cdd04809a5d7,,0.3994649092151273,0.2445967741935484
nlp,dp-adam-iid,final,20261113,8,0.002,0.3,,035d3bdb77387b3697d5,completed,0.7442660550458715,310,310,8.000000000000005,89.14953101985157,80.80832652933896,0.26067202106238374,3643156992,3946840064,2,final/nlp/035d3bdb77387b3697d5,,1.048116693312122,0.36956451612903224
nlp,dp-adam-sgd-bandinvmf,final,20261113,8,0.005,20,,06bca5d89de911b4ba09,completed,0.7694954128440367,310,310,8.000000000000007,89.56710341759026,81.10645590908825,0.2616337287389944,3695762944,3955228672,2,final/nlp/06bca5d89de911b4ba09,,0.42986304301600303,0.2739354838709677
nlp,dp-adam-momentum-bandinvmf,final,20261113,8,0.005,10,,f6a4f4f8829190226d61,completed,0.7775229357798165,310,310,8.000000000000005,86.39942662790418,77.70831358805299,0.2506719793163,3695762944,3955228672,1,final/nlp/f6a4f4f8829190226d61,,0.5501864126882245,0.36501612903225805
nlp,dp-adam-momentum-bias-bandinvmf,final,20261113,8,0.005,20,,3844539a82c86f41892b,completed,0.7924311926605505,310,310,8.000000000000005,87.96172453463078,77.46555615961552,0.2498888908374694,3695762944,3955228672,1,final/nlp/3844539a82c86f41892b,,0.4333649370747228,0.2835967741935484
nlp,dp-adam-sgd-bandinvmf-scale,final,20261113,8,0.005,300,0.01,abf4920d5712321d743c,completed,0.7855504587155964,310,310,8.000000000000007,94.07217420078814,85.41291991621256,0.2755255481168147,4061907456,4215275520,0,final/nlp/abf4920d5712321d743c,,0.4710218003795993,0.25001612903225806
nlp,dp-adam-momentum-bandinvmf-scale,final,20261113,8,0.005,200,0.01,352f5e654d4f480c63c4,completed,0.768348623853211,310,310,8.000000000000005,94.86708886548877,85.5219456590712,0.27587724406152003,4061907456,4215275520,0,final/nlp/352f5e654d4f480c63c4,,0.4163538818359375,0.20470967741935484
nlp,dp-adam-momentum-bias-bandinvmf-scale,final,20261113,8,0.005,300,0.01,cf4db23af8d9a48256a3,completed,0.7878440366972477,310,310,8.000000000000005,91.27662655338645,80.34983511082828,0.25919301648654286,4061907456,4215275520,2,final/nlp/cf4db23af8d9a48256a3,,0.4028870618266444,0.2432258064516129
nlp,dp-adam-iid,final,20261114,8,0.002,0.3,,a214b22796a5e9dd9f1d,completed,0.7763761467889908,310,310,8.000000000000005,88.11581595428288,80.01468676142395,0.25811189277878693,3643156992,3946840064,2,final/nlp/a214b22796a5e9dd9f1d,,0.9970839489352319,0.37559677419354837
nlp,dp-adam-sgd-bandinvmf,final,20261114,8,0.005,20,,3db46bfa8ea51c5e574e,completed,0.7786697247706422,310,310,8.000000000000007,90.52417463064194,81.45095954276621,0.26274503078311684,3695762944,3955228672,3,final/nlp/3db46bfa8ea51c5e574e,,0.42327107681766635,0.2754032258064516
nlp,dp-adam-momentum-bandinvmf,final,20261114,8,0.005,10,,87683c9e518d86692f90,completed,0.7775229357798165,310,310,8.000000000000005,90.65345430374146,81.69525814987719,0.26353309080605547,3695762944,3955228672,3,final/nlp/87683c9e518d86692f90,,0.5608840080999559,0.3635967741935484
nlp,dp-adam-momentum-bias-bandinvmf,final,20261114,8,0.005,20,,1044638502b7159c9a51,completed,0.7786697247706422,310,310,8.000000000000005,90.42235726863146,79.6606323402375,0.25696978174270163,3695762944,3955228672,1,final/nlp/1044638502b7159c9a51,,0.43741535309822327,0.2909193548387097
nlp,dp-adam-sgd-bandinvmf-scale,final,20261114,8,0.005,300,0.01,794943c2d2dfbedbf442,completed,0.786697247706422,310,310,8.000000000000007,89.0752277225256,80.06290973909199,0.2582674507712645,4061907456,4215275520,1,final/nlp/794943c2d2dfbedbf442,,0.46585150835590977,0.24814516129032257
nlp,dp-adam-momentum-bandinvmf-scale,final,20261114,8,0.005,200,0.01,733757c08db859fadee7,completed,0.783256880733945,310,310,8.000000000000005,93.61888949014246,83.74519464373589,0.2701457891733416,4061907456,4215275520,0,final/nlp/733757c08db859fadee7,,0.4153168743502709,0.20856451612903226
nlp,dp-adam-momentum-bias-bandinvmf-scale,final,20261114,8,0.005,300,0.01,e6be89b4d61849a20acb,completed,0.7993119266055045,310,310,8.000000000000005,94.76488344185054,84.41059574857354,0.27229224435023724,4061907456,4215275520,0,final/nlp/e6be89b4d61849a20acb,,0.4115616184357674,0.24164516129032257
nlp,dp-adam-iid,final,20261115,8,0.002,0.3,,ab4f27c356adba764e9e,completed,0.7614678899082569,310,310,8.000000000000005,87.42209288664162,79.35292298719287,0.25597717092642863,3643156992,3946840064,2,final/nlp/ab4f27c356adba764e9e,,1.0350386096585182,0.36470967741935484
nlp,dp-adam-sgd-bandinvmf,final,20261115,8,0.005,20,,ef000fcbf8b97f18533b,completed,0.7809633027522935,310,310,8.000000000000007,89.11258319951594,79.81184667535126,0.25745756992048796,3695762944,3955228672,2,final/nlp/ef000fcbf8b97f18533b,,0.41958699970860636,0.25709677419354837
nlp,dp-adam-momentum-bandinvmf,final,20261115,8,0.005,10,,284ff24f6a76f603440d,completed,0.7637614678899083,310,310,8.000000000000005,90.59384778700769,80.60189940966666,0.26000612712795695,3695762944,3955228672,3,final/nlp/284ff24f6a76f603440d,,0.548943113757718,0.34180645161290324
nlp,dp-adam-momentum-bias-bandinvmf,final,20261115,8,0.005,20,,71ad4b833a65c258bc43,completed,0.7809633027522935,310,310,8.000000000000005,90.73884006030858,80.32706623338163,0.25911956849477946,3695762944,3955228672,3,final/nlp/71ad4b833a65c258bc43,,0.4284602833409463,0.26443548387096777
nlp,dp-adam-sgd-bandinvmf-scale,final,20261115,8,0.005,300,0.01,1f37e4cd6944d4b299b5,completed,0.7981651376146789,310,310,8.000000000000007,87.88202967308462,78.73372255451977,0.2539797501758702,4061907456,4215275520,1,final/nlp/1f37e4cd6944d4b299b5,,0.4544827624905494,0.24617741935483872
nlp,dp-adam-momentum-bandinvmf-scale,final,20261115,8,0.005,200,0.01,1080187c04fe3a2a0112,completed,0.7706422018348624,310,310,8.000000000000005,87.76778027787805,78.67672387883067,0.25379588348009896,4061907456,4215275520,1,final/nlp/1080187c04fe3a2a0112,,0.4163916744109123,0.21001612903225805
nlp,dp-adam-momentum-bias-bandinvmf-scale,final,20261115,8,0.005,300,0.01,2d9a06fdfdec1e3e855a,completed,0.7981651376146789,310,310,8.000000000000005,97.020553259179,86.03867411054671,0.27754411003402163,4061907456,4215275520,0,final/nlp/2d9a06fdfdec1e3e855a,,0.39517925631615425,0.24366129032258063
nlp,dp-adam-iid,final,20261116,8,0.002,0.3,,59d89bfc30d21e6bf98b,completed,0.7488532110091743,310,310,8.000000000000005,94.9045156314969,86.25904698483646,0.278254990273666,3643156992,3946840064,0,final/nlp/59d89bfc30d21e6bf98b,,1.0683385334630167,0.36898387096774193
nlp,dp-adam-sgd-bandinvmf,final,20261116,8,0.005,20,,d82ab917b2a624da647b,completed,0.786697247706422,310,310,8.000000000000007,88.11617186665535,78.79570178873837,0.2541796831894786,3695762944,3955228672,2,final/nlp/d82ab917b2a624da647b,,0.43282599172284525,0.27446774193548384
nlp,dp-adam-momentum-bandinvmf,final,20261116,8,0.005,10,,ded1c9046519a65c2784,completed,0.7637614678899083,310,310,8.000000000000005,88.76606353744864,78.90801918692887,0.2545419973771899,3695762944,3955228672,2,final/nlp/ded1c9046519a65c2784,,0.5627441770492061,0.3485967741935484
nlp,dp-adam-momentum-bias-bandinvmf,final,20261116,8,0.005,20,,c43995e643ed893c1fa3,completed,0.7912844036697247,310,310,8.000000000000005,91.57775016874075,81.09644677489996,0.2616014412093547,3695762944,3955228672,3,final/nlp/c43995e643ed893c1fa3,,0.44172910825667844,0.27383870967741936
nlp,dp-adam-sgd-bandinvmf-scale,final,20261116,8,0.005,300,0.01,cc9651926722711f0315,completed,0.783256880733945,310,310,8.000000000000007,90.68752323277295,81.45787612348795,0.2627673423338321,4061907456,4215275520,3,final/nlp/cc9651926722711f0315,,0.4511781542378087,0.25251612903225806
nlp,dp-adam-momentum-bandinvmf-scale,final,20261116,8,0.005,200,0.01,cb5e1997a5a119eabf76,completed,0.7706422018348624,310,310,8.000000000000005,88.27023822441697,78.4663920737803,0.25311739378638803,4061907456,4215275520,1,final/nlp/cb5e1997a5a119eabf76,,0.4220542193997291,0.2227258064516129
nlp,dp-adam-momentum-bias-bandinvmf-scale,final,20261116,8,0.005,300,0.01,15681b432767e5b5f8e2,completed,0.7935779816513762,310,310,8.000000000000005,89.81114042177796,78.5995420832187,0.25354690994586676,4061907456,4215275520,1,final/nlp/15681b432767e5b5f8e2,,0.4034445559593939,0.24875806451612903
nlp,dp-adam-iid,final,20261117,8,0.002,0.3,,ffcb0567081a20bb4b25,completed,0.7637614678899083,310,310,8.000000000000005,83.75258043035865,75.84916687943041,0.24467473186913036,3643156992,3946840064,2,final/nlp/ffcb0567081a20bb4b25,,1.0299638071367818,0.3605
nlp,dp-adam-sgd-bandinvmf,final,20261117,8,0.005,20,,036a583e412416193fec,completed,0.7855504587155964,310,310,8.000000000000007,94.46524013020098,86.23606420308352,0.2781808522680113,3695762944,3955228672,0,final/nlp/036a583e412416193fec,,0.425589117726972,0.2693225806451613
nlp,dp-adam-momentum-bandinvmf,final,20261117,8,0.005,10,,3110e605fcc663c138e0,completed,0.7694954128440367,310,310,8.000000000000005,94.95972061157227,86.1728584729135,0.27797696281585,3695762944,3955228672,0,final/nlp/3110e605fcc663c138e0,,0.5539756253150202,0.33911290322580645
nlp,dp-adam-momentum-bias-bandinvmf,final,20261117,8,0.005,20,,6f90000f381f92cf70c3,completed,0.7855504587155964,310,310,8.000000000000005,86.97857649996877,76.29567089118063,0.24611506739090527,3695762944,3955228672,2,final/nlp/6f90000f381f92cf70c3,,0.431874510734312,0.27753225806451615
nlp,dp-adam-sgd-bandinvmf-scale,final,20261117,8,0.005,300,0.01,8d61e9e84bfd17d9a078,completed,0.7935779816513762,310,310,8.000000000000007,90.37286775186658,81.52569373510778,0.26298610882292833,4061907456,4215275520,3,final/nlp/8d61e9e84bfd17d9a078,,0.46308787930396295,0.24501612903225806
nlp,dp-adam-momentum-bandinvmf-scale,final,20261117,8,0.005,200,0.01,8bf7cf5e9d2f817d5746,completed,0.7821100917431193,310,310,8.000000000000005,90.66410503350198,81.82613101229072,0.26395526132997005,4061907456,4215275520,3,final/nlp/8bf7cf5e9d2f817d5746,,0.413732420890562,0.21137096774193548
nlp,dp-adam-momentum-bias-bandinvmf-scale,final,20261117,8,0.005,300,0.01,a60548fe610068c575ed,completed,0.7970183486238532,310,310,8.000000000000005,91.46055629849434,81.02268506586552,0.2613635002124694,4061907456,4215275520,1,final/nlp/a60548fe610068c575ed,,0.40944387866604715,0.23241935483870968
nlp,dp-adam-iid,final,20261118,8,0.002,0.3,,41172a4c2d0a70b290c7,completed,0.7649082568807339,310,310,8.000000000000005,88.64637981913984,80.7768369615078,0.2605704418113155,3643156992,3946840064,1,final/nlp/41172a4c2d0a70b290c7,,1.0337756613454512,0.3701451612903226
nlp,dp-adam-sgd-bandinvmf,final,20261118,8,0.005,20,,443f868e7c1243f79d51,completed,0.7786697247706422,310,310,8.000000000000007,86.69042725861073,77.61353574879467,0.25036624435095056,3695762944,3955228672,2,final/nlp/443f868e7c1243f79d51,,0.4285530513640373,0.26514516129032256
nlp,dp-adam-momentum-bandinvmf,final,20261118,8,0.005,10,,3d660282f2936a40f06e,completed,0.7694954128440367,310,310,8.000000000000005,86.8062185999006,77.68167538009584,0.2505860496132124,3695762944,3955228672,2,final/nlp/3d660282f2936a40f06e,,0.546227554813508,0.3583709677419355
nlp,dp-adam-momentum-bias-bandinvmf,final,20261118,8,0.005,20,,65976ccb61c894d691ab,completed,0.7775229357798165,310,310,8.000000000000005,95.91480579599738,86.38136505149305,0.2786495646822356,3695762944,3955228672,0,final/nlp/65976ccb61c894d691ab,,0.43126536313949093,0.27172580645161293
nlp,dp-adam-sgd-bandinvmf-scale,final,20261118,8,0.005,300,0.01,142fcac63f088477ae35,completed,0.7901376146788991,310,310,8.000000000000007,95.64724283851683,85.87074670381844,0.27700240872199494,4061907456,4215275520,0,final/nlp/142fcac63f088477ae35,,0.4733902686334425,0.2497258064516129
nlp,dp-adam-momentum-bandinvmf-scale,final,20261118,8,0.005,200,0.01,8c9d3c248510a0ec14d6,completed,0.7786697247706422,310,310,8.000000000000005,88.19121436215937,79.26559764705598,0.25569547628082573,4061907456,4215275520,3,final/nlp/8c9d3c248510a0ec14d6,,0.4206374723372921,0.21614516129032257
nlp,dp-adam-momentum-bias-bandinvmf-scale,final,20261118,8,0.005,300,0.01,15d496423d1c6905b03b,completed,0.7912844036697247,310,310,8.000000000000005,89.27189173549414,78.75456366501749,0.25404697956457256,4061907456,4215275520,3,final/nlp/15d496423d1c6905b03b,,0.4025927064957157,0.24064516129032257
nlp,dp-adam-iid,final,20261119,8,0.002,0.3,,3114800cd8d2d6127420,completed,0.7568807339449541,310,310,8.000000000000005,89.2817380335182,80.41304158046842,0.2593969083240917,3643156992,3946840064,1,final/nlp/3114800cd8d2d6127420,,1.0296509921166204,0.36382258064516126
nlp,dp-adam-sgd-bandinvmf,final,20261119,8,0.005,20,,4a8c34e79f7a491a0b69,completed,0.7672018348623854,310,310,8.000000000000007,90.00701535306871,80.78914152644575,0.2606101339562766,3695762944,3955228672,1,final/nlp/4a8c34e79f7a491a0b69,,0.42334151040354084,0.26333870967741935
nlp,dp-adam-momentum-bandinvmf,final,20261119,8,0.005,10,,4ceda031b5e25aca5cef,completed,0.7626146788990825,310,310,8.000000000000005,83.99075779877603,75.26926631107926,0.24280408487444924,3695762944,3955228672,2,final/nlp/4ceda031b5e25aca5cef,,0.5445276848577684,0.3569193548387097
nlp,dp-adam-momentum-bias-bandinvmf,final,20261119,8,0.005,20,,5caa3a42092289e8b1f9,completed,0.7729357798165137,310,310,8.000000000000005,85.75077250786126,75.30479899048805,0.2429187064209292,3695762944,3955228672,2,final/nlp/5caa3a42092289e8b1f9,,0.42680102982059603,0.2762903225806452
nlp,dp-adam-sgd-bandinvmf-scale,final,20261119,8,0.005,300,0.01,4817b1680eaef162f91c,completed,0.7752293577981652,310,310,8.000000000000007,94.05663687549531,85.35154195129871,0.27532755468160874,4061907456,4215275520,0,final/nlp/4817b1680eaef162f91c,,0.4597574192170174,0.24180645161290323
nlp,dp-adam-momentum-bandinvmf-scale,final,20261119,8,0.005,200,0.01,b2d48ef26c9a0f61c2ef,completed,0.7534403669724771,310,310,8.000000000000005,94.45695774629712,85.65285584330559,0.27629953497840515,4061907456,4215275520,0,final/nlp/b2d48ef26c9a0f61c2ef,,0.4117674649146295,0.20088709677419356
nlp,dp-adam-momentum-bias-bandinvmf-scale,final,20261119,8,0.005,300,0.01,86d8e40166ae90b9521f,completed,0.7821100917431193,310,310,8.000000000000005,92.35944384709,81.5574917178601,0.26308868296083904,4061907456,4215275520,3,final/nlp/86d8e40166ae90b9521f,,0.3979315914030998,0.23646774193548387
nlp,dp-adam-iid,final,20261120,8,0.002,0.3,,fdb4edc51f3f6d9b010c,completed,0.7545871559633027,310,310,8.000000000000005,90.32737238705158,81.88818373531103,0.26415543140422915,3643156992,3946840064,3,final/nlp/fdb4edc51f3f6d9b010c,,1.0432337095199093,0.35966129032258065
nlp,dp-adam-sgd-bandinvmf,final,20261120,8,0.005,20,,a2bae359670292614450,completed,0.7694954128440367,310,310,8.000000000000007,90.38995908759534,81.15758519247174,0.26179866191119916,3695762944,3955228672,1,final/nlp/a2bae359670292614450,,0.4332037200927734,0.24664516129032257
nlp,dp-adam-momentum-bandinvmf,final,20261120,8,0.005,10,,e41c5140117504133886,completed,0.7603211009174312,310,310,8.000000000000005,90.20965809933841,81.03749131038785,0.2614112622915737,3695762944,3955228672,1,final/nlp/e41c5140117504133886,,0.5457249042141822,0.33030645161290323
nlp,dp-adam-momentum-bias-bandinvmf,final,20261120,8,0.005,20,,595c3f39ec94a4e9b08d,completed,0.7637614678899083,310,310,8.000000000000005,87.14308725111187,76.4767548032105,0.2466992090426145,3695762944,3955228672,2,final/nlp/595c3f39ec94a4e9b08d,,0.43820963607295865,0.2554516129032258
nlp,dp-adam-sgd-bandinvmf-scale,final,20261120,8,0.005,300,0.01,0a7fc5d4d2f01ebb1c00,completed,0.7821100917431193,310,310,8.000000000000007,86.28977062180638,76.48076569288969,0.24671214739641836,4061907456,4215275520,2,final/nlp/0a7fc5d4d2f01ebb1c00,,0.4664319039621661,0.23348387096774192
nlp,dp-adam-momentum-bandinvmf-scale,final,20261120,8,0.005,200,0.01,61e26cf14934a0da3d66,completed,0.7706422018348624,310,310,8.000000000000005,92.29618086107075,82.91982874646783,0.267483318536993,4061907456,4215275520,0,final/nlp/61e26cf14934a0da3d66,,0.421055903280935,0.2078225806451613
nlp,dp-adam-momentum-bias-bandinvmf-scale,final,20261120,8,0.005,300,0.01,a228a7630e97757e272e,completed,0.7855504587155964,310,310,8.000000000000005,94.46444244869053,83.124292710796,0.26814287971224515,4061907456,4215275520,0,final/nlp/a228a7630e97757e272e,,0.40503050921040196,0.22583870967741934
cv,dp-adam-iid,sweep,20261111,2,0.0005,30,,79ef677c7a6c5a60fb99,completed,0.2513,250,250,2.0000000000008775,745.6500041820109,587.8966994527727,2.351586797811091,8331626496,8734638080,0,sweep/cv/79ef677c7a6c5a60fb99,,3.508124661865234,0.99962
cv,dp-adam-sgd-bandinvmf,sweep,20261111,2,0.003,30,,b7662fb5cf0eb9297ef4,completed,0.4898,250,250,2.0000000000008775,689.8656845856458,533.5624288283288,2.1342497153133153,8398219776,8808038400,1,sweep/cv/b7662fb5cf0eb9297ef4,,2.385628516845703,0.94066
cv,dp-adam-momentum-bandinvmf,sweep,20261111,2,0.005,30,,44ee91de877d1809af53,completed,0.4537,250,250,2.0000000000008775,698.4561888687313,537.7105457410216,2.1508421829640865,8398219776,8808038400,2,sweep/cv/44ee91de877d1809af53,,2.598742255859375,0.97792
cv,dp-adam-momentum-bias-bandinvmf,sweep,20261111,2,0.003,30,,1b3b0b3135bf866f4d26,completed,0.5641,250,250,2.0000000000008775,701.7480060886592,545.7853467557579,2.183141387023032,8398219776,8808038400,3,sweep/cv/1b3b0b3135bf866f4d26,,2.156318333129883,0.92344
cv,dp-adam-sgd-bandinvmf-scale,sweep,20261111,2,0.003,200,0.05,355af3a1905cf1ce66bd,completed,0.4069,250,250,2.0000000000008775,644.1528568211943,492.7041132040322,1.9708164528161287,8619793408,9196011520,1,sweep/cv/355af3a1905cf1ce66bd,,2.6712974389648436,0.30528
cv,dp-adam-momentum-bandinvmf-scale,sweep,20261111,2,0.005,100,0.1,77ce452e2e5ee8862985,completed,0.0308,250,250,2.0000000000008775,652.0303030759096,497.6868635956198,1.9907474543824792,8619793408,9196011520,2,sweep/cv/77ce452e2e5ee8862985,,4.560293881835937,0.0
cv,dp-adam-momentum-bias-bandinvmf-scale,sweep,20261111,2,0.003,200,0.05,86d25420cd2e2973666c,completed,0.0686,250,250,2.0000000000008775,652.8889207318425,504.1376015469432,2.016550406187773,8619793408,9196011520,3,sweep/cv/86d25420cd2e2973666c,,4.288677868652344,0.0
cv,dp-adam-iid,sweep,20261112,2,0.0005,30,,7c03c18f1acb19ac45ad,completed,0.2316,250,250,2.0000000000008775,756.6215660646558,598.0173966418952,2.3920695865675805,8331626496,8734638080,0,sweep/cv/7c03c18f1acb19ac45ad,,3.5590867041015626,0.99986
cv,dp-adam-sgd-bandinvmf,sweep,20261112,2,0.003,30,,70813330a5066913eab4,completed,0.4854,250,250,2.0000000000008775,684.0020364187658,534.276187248528,2.137104748994112,8398219776,8808038400,1,sweep/cv/70813330a5066913eab4,,2.4132812951660156,0.95352
cv,dp-adam-momentum-bandinvmf,sweep,20261112,2,0.005,30,,ab6b39300afee4a10acb,completed,0.4505,250,250,2.0000000000008775,699.4909389913082,544.6611025892198,2.1786444103568794,8398219776,8808038400,2,sweep/cv/ab6b39300afee4a10acb,,2.6450068200683594,0.9859
cv,dp-adam-momentum-bias-bandinvmf,sweep,20261112,2,0.003,30,,75af35e4102d602dceb9,completed,0.5697,250,250,2.0000000000008775,706.2156906239688,547.9964862447232,2.1919859449788928,8398219776,8808038400,3,sweep/cv/75af35e4102d602dceb9,,2.1792581616210938,0.9367
cv,dp-adam-sgd-bandinvmf-scale,sweep,20261112,2,0.003,200,0.05,d74521cab92c7e0e6857,completed,0.3929,250,250,2.0000000000008775,699.9275061190128,548.366653656587,2.193466614626348,8619793408,9196011520,0,sweep/cv/d74521cab92c7e0e6857,,2.691504703369141,0.30882
cv,dp-adam-momentum-bandinvmf-scale,sweep,20261112,2,0.005,100,0.1,4e5398f820eec03af5f2,completed,0.02,250,250,2.0000000000008775,643.844283323735,491.87006268277764,1.9674802507311107,8619793408,9196011520,1,sweep/cv/4e5398f820eec03af5f2,,4.6008199609375,0.0
cv,dp-adam-momentum-bias-bandinvmf-scale,sweep,20261112,2,0.003,200,0.05,e0b9f26eaedc7333dd6b,completed,0.0548,250,250,2.0000000000008775,650.9369627088308,495.1962638814002,1.9807850555256008,8619793408,9196011520,2,sweep/cv/e0b9f26eaedc7333dd6b,,4.3435504052734375,0.0
cv,dp-adam-iid,sweep,20261113,2,0.0005,30,,76b2b24ba819be268198,completed,0.2575,250,250,2.0000000000008775,696.0211644805968,546.899295674637,2.1875971826985476,8331626496,8734638080,3,sweep/cv/76b2b24ba819be268198,,3.451575574951172,0.998
cv,dp-adam-sgd-bandinvmf,sweep,20261113,2,0.003,30,,4740448e5541bedc935d,completed,0.4908,250,250,2.0000000000008775,744.9124316461384,598.6334054619074,2.3945336218476294,8398219776,8808038400,0,sweep/cv/4740448e5541bedc935d,,2.375357657470703,0.94068
cv,dp-adam-momentum-bandinvmf,sweep,20261113,2,0.005,30,,0a051588da4eb3253683,completed,0.4732,250,250,2.0000000000008775,682.9893883951008,531.0666429121047,2.124266571648419,8398219776,8808038400,1,sweep/cv/0a051588da4eb3253683,,2.5418343310546874,0.97494
cv,dp-adam-momentum-bias-bandinvmf,sweep,20261113,2,0.003,30,,10c127b3464d3267f2fa,completed,0.5866,250,250,2.0000000000008775,683.7465174272656,535.67285185121,2.14269140740484,8398219776,8808038400,2,sweep/cv/10c127b3464d3267f2fa,,2.07941668762207,0.9147
cv,dp-adam-sgd-bandinvmf-scale,sweep,20261113,2,0.003,200,0.05,1acfdf0e7a566f1b6bfe,completed,0.4108,250,250,2.0000000000008775,655.5549182631075,503.0250786971301,2.0121003147885204,8619793408,9196011520,3,sweep/cv/1acfdf0e7a566f1b6bfe,,2.6603625427246094,0.32342
cv,dp-adam-momentum-bandinvmf-scale,sweep,20261113,2,0.005,100,0.1,a5b9ededcfade990f993,completed,0.0397,250,250,2.0000000000008775,687.9923536814749,538.0512031875551,2.1522048127502202,8619793408,9196011520,0,sweep/cv/a5b9ededcfade990f993,,4.529683752441406,0.0
cv,dp-adam-momentum-bias-bandinvmf-scale,sweep,20261113,2,0.003,200,0.05,31823234517c3b831584,completed,0.0986,250,250,2.0000000000008775,641.0752329938114,489.7543641552329,1.9590174566209315,8619793408,9196011520,1,sweep/cv/31823234517c3b831584,,4.177382178955078,0.0
cv,dp-adam-iid,sweep,20261111,4,0.0005,30,,a9b57f51a09467131692,completed,0.445,250,250,3.9999999999999716,685.7778164893389,534.7462004516274,2.1389848018065094,8331626496,8734638080,2,sweep/cv/a9b57f51a09467131692,,2.6731891247558592,0.98416
cv,dp-adam-sgd-bandinvmf,sweep,20261111,4,0.003,30,,6ba2676d5f3e96d7634a,completed,0.6274,250,250,3.9999999999999685,690.8993016555905,543.6547561623156,2.1746190246492625,8398219776,8808038400,3,sweep/cv/6ba2676d5f3e96d7634a,,1.8757949615478515,0.82506
cv,dp-adam-momentum-bandinvmf,sweep,20261111,4,0.005,30,,9469e47cb2c413f32b2c,completed,0.6285,250,250,3.9999999999999685,744.8946435023099,591.2793334405869,2.3651173337623477,8398219776,8808038400,0,sweep/cv/9469e47cb2c413f32b2c,,1.9043087811279298,0.86816
cv,dp-adam-momentum-bias-bandinvmf,sweep,20261111,4,0.003,30,,fa80a18aaeb6f880fa54,completed,0.6964,250,250,3.9999999999999685,689.7418597154319,530.439533803612,2.121758135214448,8398219776,8808038400,1,sweep/cv/fa80a18aaeb6f880fa54,,1.6275711700439452,0.7834
cv,dp-adam-sgd-bandinvmf-scale,sweep,20261111,4,0.003,200,0.05,7d561db1d225733988d4,completed,0.6263,250,250,3.9999999999999685,644.0668251942843,493.4979323837906,1.9739917295351626,8619793408,9196011520,2,sweep/cv/7d561db1d225733988d4,,1.8838480303955079,0.82636
cv,dp-adam-momentum-bandinvmf-scale,sweep,20261111,4,0.005,100,0.1,f7c9e32fad6231b5977f,completed,0.6371,250,250,3.9999999999999685,658.8039067946374,505.6250720974058,2.0225002883896233,8619793408,9196011520,3,sweep/cv/f7c9e32fad6231b5977f,,1.881874782104492,0.48646
cv,dp-adam-momentum-bias-bandinvmf-scale,sweep,20261111,4,0.003,200,0.05,d28cb00ed070b3541536,completed,0.7102,250,250,3.9999999999999685,696.2756820786744,539.006870675832,2.1560274827033283,8619793408,9196011520,0,sweep/cv/d28cb00ed070b3541536,,1.5920149127197265,0.62768
cv,dp-adam-iid,sweep,20261112,4,0.0005,30,,c7148fb42df598dbadc3,completed,0.4316,250,250,3.9999999999999716,685.6936527956277,531.5258103907108,2.126103241562843,8331626496,8734638080,1,sweep/cv/c7148fb42df598dbadc3,,2.7350159924316406,0.9882
cv,dp-adam-sgd-bandinvmf,sweep,20261112,4,0.003,30,,9e317f1f26f048a9c205,completed,0.6265,250,250,3.9999999999999685,684.9433584492654,537.686132023111,2.150744528092444,8398219776,8808038400,2,sweep/cv/9e317f1f26f048a9c205,,1.8673350946044922,0.8307
cv,dp-adam-momentum-bandinvmf,sweep,20261112,4,0.005,30,,9365b0fed10d87a4a845,completed,0.6269,250,250,3.9999999999999685,698.5749328229576,545.6685251481831,2.1826741005927324,8398219776,8808038400,3,sweep/cv/9365b0fed10d87a4a845,,1.931364559326172,0.8848
cv,dp-adam-momentum-bias-bandinvmf,sweep,20261112,4,0.003,30,,bad0da7717e005418d56,completed,0.6998,250,250,3.9999999999999685,750.9643721412867,601.3941804412752,2.405576721765101,8398219776,8808038400,0,sweep/cv/bad0da7717e005418d56,,1.6089904119873046,0.79026
cv,dp-adam-sgd-bandinvmf-scale,sweep,20261112,4,0.003,200,0.05,6972da37abed75cba357,completed,0.6297,250,250,3.9999999999999685,650.4994175098836,493.06458070874214,1.9722583228349686,8619793408,9196011520,1,sweep/cv/6972da37abed75cba357,,1.8686090521240235,0.83084
cv,dp-adam-momentum-bandinvmf-scale,sweep,20261112,4,0.005,100,0.1,fe3b44d68dd12bb4dbc3,completed,0.6398,250,250,3.9999999999999685,646.3180692382157,495.60231494903564,1.9824092597961427,8619793408,9196011520,2,sweep/cv/fe3b44d68dd12bb4dbc3,,1.9155682525634765,0.48814
cv,dp-adam-momentum-bias-bandinvmf-scale,sweep,20261112,4,0.003,200,0.05,ee0ba7e1eeb06a330075,completed,0.7158,250,250,3.9999999999999685,655.9548581559211,503.79577591829,2.0151831036731602,8619793408,9196011520,3,sweep/cv/ee0ba7e1eeb06a330075,,1.579684442138672,0.62708
cv,dp-adam-iid,sweep,20261113,4,0.0005,30,,7a64857797e174b83840,completed,0.4574,250,250,3.9999999999999716,751.5812539476901,597.4440783578902,2.389776313431561,8331626496,8734638080,0,sweep/cv/7a64857797e174b83840,,2.624681466064453,0.98258
cv,dp-adam-sgd-bandinvmf,sweep,20261113,4,0.003,30,,c4f80d5dd6750f605d18,completed,0.6253,250,250,3.9999999999999685,688.0250364374369,532.7015479523689,2.1308061918094756,8398219776,8808038400,1,sweep/cv/c4f80d5dd6750f605d18,,1.8598375158691407,0.82678
cv,dp-adam-momentum-bandinvmf,sweep,20261113,4,0.005,30,,489cb1c5a16b3e43c09e,completed,0.6368,250,250,3.9999999999999685,689.691399788484,539.3296929076314,2.1573187716305258,8398219776,8808038400,2,sweep/cv/489cb1c5a16b3e43c09e,,1.8511243328857423,0.86266
cv,dp-adam-momentum-bias-bandinvmf,sweep,20261113,4,0.003,30,,fa3874d53df1d0b495d1,completed,0.7062,250,250,3.9999999999999685,700.6399096809328,546.9929061830044,2.1879716247320173,8398219776,8808038400,3,sweep/cv/fa3874d53df1d0b495d1,,1.5728211108398438,0.77608
cv,dp-adam-sgd-bandinvmf-scale,sweep,20261113,4,0.003,200,0.05,44e6880e479a551116d9,completed,0.625,250,250,3.9999999999999685,691.980553869158,542.380913618952,2.169523654475808,8619793408,9196011520,0,sweep/cv/44e6880e479a551116d9,,1.8638188861083984,0.82586
cv,dp-adam-momentum-bandinvmf-scale,sweep,20261113,4,0.005,100,0.1,5d0c57dc04b2fe3ccc89,completed,0.647,250,250,3.9999999999999685,646.382590951398,491.475463880226,1.965901855520904,8619793408,9196011520,1,sweep/cv/5d0c57dc04b2fe3ccc89,,1.828823717651367,0.47454
cv,dp-adam-momentum-bias-bandinvmf-scale,sweep,20261113,4,0.003,200,0.05,9902c382a0c6b964bf94,completed,0.7172,250,250,3.9999999999999685,644.8446758594364,495.08070797659457,1.9803228319063784,8619793408,9196011520,2,sweep/cv/9902c382a0c6b964bf94,,1.5475930688476562,0.61902
cv,dp-adam-iid,sweep,20261111,16,0.0005,30,,cb91deda081e10dbc886,completed,0.6998,250,250,16.000000000000018,703.5713761374354,545.825720300898,2.1833028812035917,8331626496,8734638080,3,sweep/cv/cb91deda081e10dbc886,,1.6206010955810546,0.77794
cv,dp-adam-sgd-bandinvmf,sweep,20261111,16,0.003,30,,502efe121fa51288e36f,completed,0.7491,250,250,16.000000000000018,748.1534074563533,595.4549809638411,2.3818199238553643,8398219776,8808038400,0,sweep/cv/502efe121fa51288e36f,,1.396253087158203,0.62782
cv,dp-adam-momentum-bandinvmf,sweep,20261111,16,0.005,30,,a725a9041759ab8c715b,completed,0.7867,250,250,16.000000000000018,689.9062563739717,533.5272146109492,2.134108858443797,8398219776,8808038400,1,sweep/cv/a725a9041759ab8c715b,,1.2650418563842774,0.61454
cv,dp-adam-momentum-bias-bandinvmf,sweep,20261111,16,0.003,30,,3617942b7a2fb78b2deb,completed,0.8062,250,250,16.000000000000018,685.7209353093058,534.8119657859206,2.1392478631436824,8398219776,8808038400,2,sweep/cv/3617942b7a2fb78b2deb,,1.183187544555664,0.56696
cv,dp-adam-sgd-bandinvmf-scale,sweep,20261111,16,0.003,200,0.05,07957c9f14f5965c4617,completed,0.7513,250,250,16.000000000000018,659.3173901941627,503.75725122354925,2.015029004894197,8619793408,9196011520,3,sweep/cv/07957c9f14f5965c4617,,1.4156903985595704,0.67286
cv,dp-adam-momentum-bandinvmf-scale,sweep,20261111,16,0.005,100,0.1,6b7ffcc47dbc8b8811e6,completed,0.7907,250,250,16.000000000000018,686.2314626779407,536.282421387732,2.1451296855509283,8619793408,9196011520,0,sweep/cv/6b7ffcc47dbc8b8811e6,,1.2613248937988282,0.65606
cv,dp-adam-momentum-bias-bandinvmf-scale,sweep,20261111,16,0.003,200,0.05,7dd80c2681005358e434,completed,0.808,250,250,16.000000000000032,644.3820119109005,491.6278879493475,1.96651155179739,8619793408,9196011520,1,sweep/cv/7dd80c2681005358e434,,1.1903933947753906,0.60828
cv,dp-adam-iid,sweep,20261112,16,0.0005,30,,3d8df0bbe18948704d47,completed,0.7039,250,250,16.000000000000018,686.2720874287188,535.448479725048,2.1417939189001918,8331626496,8734638080,2,sweep/cv/3d8df0bbe18948704d47,,1.6051923895263671,0.78364
cv,dp-adam-sgd-bandinvmf,sweep,20261112,16,0.003,30,,4e6625e164a28c47f418,completed,0.7527,250,250,16.000000000000018,701.1581299453974,547.0552395284176,2.1882209581136705,8398219776,8808038400,3,sweep/cv/4e6625e164a28c47f418,,1.3965669903564453,0.63092
cv,dp-adam-momentum-bandinvmf,sweep,20261112,16,0.005,30,,883cb68e87f6da7d737e,completed,0.7846,250,250,16.000000000000018,688.9428266696632,532.2535582575947,2.1290142330303787,8398219776,8808038400,1,sweep/cv/883cb68e87f6da7d737e,,1.2606329437255859,0.61522
cv,dp-adam-momentum-bias-bandinvmf,sweep,20261112,16,0.003,30,,f0e55247cc5117b3bfdf,completed,0.8072,250,250,16.000000000000018,749.9281212463975,595.6549880150706,2.382619952060282,8398219776,8808038400,0,sweep/cv/f0e55247cc5117b3bfdf,,1.1802040844726562,0.56598
cv,dp-adam-sgd-bandinvmf-scale,sweep,20261112,16,0.003,200,0.05,d7bc90781288c8c88a9d,completed,0.7567,250,250,16.000000000000018,652.218431038782,496.0595587659627,1.9842382350638508,8619793408,9196011520,2,sweep/cv/d7bc90781288c8c88a9d,,1.4154414782714844,0.67454
cv,dp-adam-momentum-bandinvmf-scale,sweep,20261112,16,0.005,100,0.1,f639642b086e00f95ba4,completed,0.7889,250,250,16.000000000000018,666.3336912561208,503.4532339721918,2.013812935888767,8619793408,9196011520,3,sweep/cv/f639642b086e00f95ba4,,1.2553034252929687,0.65902
cv,dp-adam-momentum-bias-bandinvmf-scale,sweep,20261112,16,0.003,200,0.05,91162b58fa9a7fc7a36b,completed,0.8088,250,250,16.000000000000032,653.4542187638581,493.42856634780765,1.9737142653912305,8619793408,9196011520,1,sweep/cv/91162b58fa9a7fc7a36b,,1.1871911614990234,0.60914
cv,dp-adam-iid,sweep,20261113,16,0.0005,30,,6eca9846583c144b9f57,completed,0.7083,250,250,16.000000000000018,696.0362491384149,540.2688025943935,2.161075210377574,8331626496,8734638080,2,sweep/cv/6eca9846583c144b9f57,,1.5662486895751953,0.7676
cv,dp-adam-sgd-bandinvmf,sweep,20261113,16,0.003,30,,7a66c1e446701805ada3,completed,0.7487,250,250,16.000000000000018,763.7197460774332,600.8850984275341,2.4035403937101365,8398219776,8808038400,0,sweep/cv/7a66c1e446701805ada3,,1.3884973748779297,0.632
cv,dp-adam-momentum-bandinvmf,sweep,20261113,16,0.005,30,,b552bca6b4cbfca4daa7,completed,0.7858,250,250,16.000000000000018,704.2302129156888,546.8840533960611,2.187536213584244,8398219776,8808038400,3,sweep/cv/b552bca6b4cbfca4daa7,,1.235212813720703,0.60894
cv,dp-adam-momentum-bias-bandinvmf,sweep,20261113,16,0.003,30,,d104d0caf642abeb322e,completed,0.802,250,250,16.000000000000018,689.0448717940599,534.3950712196529,2.1375802848786116,8398219776,8808038400,1,sweep/cv/d104d0caf642abeb322e,,1.1628021978759766,0.56536
cv,dp-adam-sgd-bandinvmf-scale,sweep,20261113,16,0.003,200,0.05,3d2e96c08fec8a9f2b21,completed,0.7503,250,250,16.000000000000018,651.881254710257,499.2720579635352,1.9970882318541407,8619793408,9196011520,2,sweep/cv/3d2e96c08fec8a9f2b21,,1.4094036602783202,0.67688
cv,dp-adam-momentum-bandinvmf-scale,sweep,20261113,16,0.005,100,0.1,4ac55859d5ec2aa13854,completed,0.7883,250,250,16.000000000000018,702.8891646619886,542.4737895373255,2.169895158149302,8619793408,9196011520,0,sweep/cv/4ac55859d5ec2aa13854,,1.2310271603393554,0.64984
cv,dp-adam-momentum-bias-bandinvmf-scale,sweep,20261113,16,0.003,200,0.05,3025e3eed8893322d391,completed,0.8041,250,250,16.000000000000032,652.5769656822085,503.05339665710926,2.012213586628437,8619793408,9196011520,3,sweep/cv/3025e3eed8893322d391,,1.1726420327758789,0.60628
nlp,dp-adam-iid,sweep,20261111,2,0.002,0.3,,92aa73a23682f2ce310b,completed,0.716743119266055,310,310,2.0000000000008775,87.53257279284298,79.80295435711741,0.2574288850229594,3643156992,3946840064,1,sweep/nlp/92aa73a23682f2ce310b,,1.2292767649004537,0.5481290322580645
nlp,dp-adam-sgd-bandinvmf,sweep,20261111,2,0.005,20,,8185e5c4993c90e34d8a,completed,0.7557339449541285,310,310,2.0000000000008775,88.50229253619909,80.00083734095097,0.2580672172288741,3695762944,3955228672,1,sweep/nlp/8185e5c4993c90e34d8a,,0.515625726515247,0.38270967741935485
nlp,dp-adam-momentum-bandinvmf,sweep,20261111,2,0.005,10,,e5717d998432453227a9,completed,0.7477064220183486,310,310,2.0000000000008775,88.57721765339375,79.89637961238623,0.25773025681414913,3695762944,3955228672,2,sweep/nlp/e5717d998432453227a9,,0.6406002807617187,0.47246774193548385
nlp,dp-adam-momentum-bias-bandinvmf,sweep,20261111,2,0.005,20,,fcaaab4790d76954a328,completed,0.7694954128440367,310,310,2.0000000000008775,90.21566696837544,80.09695859625936,0.258377285794385,3695762944,3955228672,2,sweep/nlp/fcaaab4790d76954a328,,0.5295450956283078,0.3920967741935484
nlp,dp-adam-sgd-bandinvmf-scale,sweep,20261111,2,0.005,300,0.01,6f92b71c8101cccfe513,completed,0.5860091743119266,310,310,2.0000000000008775,89.3965202756226,80.31792522966862,0.2590900813860278,4061907456,4215275520,1,sweep/nlp/6f92b71c8101cccfe513,,0.6657104059034779,0.0
nlp,dp-adam-momentum-bandinvmf-scale,sweep,20261111,2,0.005,200,0.01,329372a42de0dedb859f,completed,0.5596330275229358,310,310,2.0000000000008775,89.71301435865462,80.91135795041919,0.2610043804852232,4061907456,4215275520,1,sweep/nlp/329372a42de0dedb859f,,0.6801368723223287,0.0
nlp,dp-adam-momentum-bias-bandinvmf-scale,sweep,20261111,2,0.005,300,0.01,5a8bb78ec7518a8d1a3e,completed,0.5194954128440367,310,310,2.0000000000008775,92.45053637586534,82.16025469638407,0.26503307966575507,4061907456,4215275520,2,sweep/nlp/5a8bb78ec7518a8d1a3e,,0.6811321873818674,0.0
nlp,dp-adam-iid,sweep,20261112,2,0.002,0.3,,d3ea33252bd58999b0b6,completed,0.7339449541284404,310,310,2.0000000000008775,89.83232801780105,81.76714642159641,0.2637649884567626,3643156992,3946840064,2,sweep/nlp/d3ea33252bd58999b0b6,,1.2550536636844758,0.553741935483871
nlp,dp-adam-sgd-bandinvmf,sweep,20261112,2,0.005,20,,2d520c911bcf431d5176,completed,0.7626146788990825,310,310,2.0000000000008775,90.79179581068456,82.05414965748787,0.26469080534673506,3695762944,3955228672,3,sweep/nlp/2d520c911bcf431d5176,,0.5374076670985068,0.3916774193548387
nlp,dp-adam-momentum-bandinvmf,sweep,20261112,2,0.005,10,,d024d03cdecda2cef5bf,completed,0.7431192660550459,310,310,2.0000000000008775,90.90935799106956,81.88112003915012,0.264132645287581,3695762944,3955228672,3,sweep/nlp/d024d03cdecda2cef5bf,,0.6360550182711694,0.500241935483871
nlp,dp-adam-momentum-bias-bandinvmf,sweep,20261112,2,0.005,20,,aa23321ec1c7d65c1e26,completed,0.7614678899082569,310,310,2.0000000000008775,91.20540383271873,80.80250001139939,0.2606532258432238,3695762944,3955228672,1,sweep/nlp/aa23321ec1c7d65c1e26,,0.5416096816524383,0.40266129032258063
nlp,dp-adam-sgd-bandinvmf-scale,sweep,20261112,2,0.005,300,0.01,57546e395bb191c612b4,completed,0.588302752293578,310,310,2.0000000000008775,89.7796277012676,80.90566519275308,0.2609860167508164,4061907456,4215275520,1,sweep/nlp/57546e395bb191c612b4,,0.6729960277926538,0.0
nlp,dp-adam-momentum-bandinvmf-scale,sweep,20261112,2,0.005,200,0.01,fd82ed3c7830e6d4b1d2,completed,0.48853211009174313,310,310,2.0000000000008775,93.93885416537523,84.8319007307291,0.2736512926797713,4061907456,4215275520,0,sweep/nlp/fd82ed3c7830e6d4b1d2,,0.6858176771594632,0.0
nlp,dp-adam-momentum-bias-bandinvmf-scale,sweep,20261112,2,0.005,300,0.01,9755947db03000fcca81,completed,0.5034403669724771,310,310,2.0000000000008775,95.58433956839144,84.90994305163622,0.2739030421020523,4061907456,4215275520,0,sweep/nlp/9755947db03000fcca81,,0.6927423351657006,0.0
nlp,dp-adam-iid,sweep,20261113,2,0.002,0.3,,6d3124fb4f7da6b6c220,completed,0.7190366972477065,310,310,2.0000000000008775,89.5741007514298,81.58460696414113,0.26317615149722945,3643156992,3946840064,2,sweep/nlp/6d3124fb4f7da6b6c220,,1.24024266593687,0.5725806451612904
nlp,dp-adam-sgd-bandinvmf,sweep,20261113,2,0.005,20,,7d0bfd5481bdfabf93f5,completed,0.7431192660550459,310,310,2.0000000000008775,90.59037153981626,81.7715220451355,0.2637791033714048,3695762944,3955228672,2,sweep/nlp/7d0bfd5481bdfabf93f5,,0.5380320562547253,0.3923225806451613
nlp,dp-adam-momentum-bandinvmf,sweep,20261113,2,0.005,10,,07d7322d77b150f891e3,completed,0.7580275229357798,310,310,2.0000000000008775,92.18748589605093,82.64337378554046,0.2665915283404531,3695762944,3955228672,3,sweep/nlp/07d7322d77b150f891e3,,0.6417183217694682,0.49224193548387096
nlp,dp-adam-momentum-bias-bandinvmf,sweep,20261113,2,0.005,20,,1566bc8871a4534704d3,completed,0.7660550458715596,310,310,2.0000000000008775,90.0174251254648,79.64946679212153,0.25693376384555333,3695762944,3955228672,1,sweep/nlp/1566bc8871a4534704d3,,0.5435780496904927,0.4002903225806452
nlp,dp-adam-sgd-bandinvmf-scale,sweep,20261113,2,0.005,300,0.01,0820e8c0ee77f9e82746,completed,0.5321100917431193,310,310,2.0000000000008775,92.35454742610455,82.93062404729426,0.267518142088046,4061907456,4215275520,3,sweep/nlp/0820e8c0ee77f9e82746,,0.6837703916488155,0.0
nlp,dp-adam-momentum-bandinvmf-scale,sweep,20261113,2,0.005,200,0.01,d01e9be57f7f2902d7fb,completed,0.5045871559633027,310,310,2.0000000000008775,89.32100719772279,79.57259150967002,0.2566857790634517,4061907456,4215275520,1,sweep/nlp/d01e9be57f7f2902d7fb,,0.6898954969836819,0.0
nlp,dp-adam-momentum-bias-bandinvmf-scale,sweep,20261113,2,0.005,300,0.01,4c210a527cc440c4905a,completed,0.5091743119266054,310,310,2.0000000000008775,97.58462930843234,86.97372813336551,0.2805604133334371,4061907456,4215275520,0,sweep/nlp/4c210a527cc440c4905a,,0.6925195853940902,0.0
nlp,dp-adam-iid,sweep,20261111,4,0.002,0.3,,3edc243bfc07a4eac912,completed,0.7419724770642202,310,310,3.9999999999999685,95.10055593773723,86.29838167503476,0.27838187637107986,3643156992,3946840064,0,sweep/nlp/3edc243bfc07a4eac912,,1.1184020523563507,0.4634354838709677
nlp,dp-adam-sgd-bandinvmf,sweep,20261111,4,0.005,20,,3d99556ad8d68cdd4cb9,completed,0.7626146788990825,310,310,3.9999999999999685,90.4924693889916,81.52981190010905,0.26299939322615823,3695762944,3955228672,2,sweep/nlp/3d99556ad8d68cdd4cb9,,0.46089634803033647,0.31566129032258067
nlp,dp-adam-momentum-bandinvmf,sweep,20261111,4,0.005,10,,b40111b1836651003818,completed,0.7614678899082569,310,310,3.9999999999999716,90.38934158161283,81.81780362129211,0.26392839877836166,3695762944,3955228672,2,sweep/nlp/b40111b1836651003818,,0.6075942963630923,0.4048548387096774
nlp,dp-adam-momentum-bias-bandinvmf,sweep,20261111,4,0.005,20,,0c111be537b51a2a80f2,completed,0.7568807339449541,310,310,3.9999999999999685,90.0685037765652,80.15553100779653,0.25856622905740817,3695762944,3955228672,1,sweep/nlp/0c111be537b51a2a80f2,,0.4747275548135081,0.3275483870967742
nlp,dp-adam-sgd-bandinvmf-scale,sweep,20261111,4,0.005,300,0.01,51f63dbd8bed3d667221,completed,0.7740825688073395,310,310,3.9999999999999685,88.86530968546867,80.37373676523566,0.2592701185975344,4061907456,4215275520,1,sweep/nlp/51f63dbd8bed3d667221,,0.41438632349814136,0.24180645161290323
nlp,dp-adam-momentum-bandinvmf-scale,sweep,20261111,4,0.005,200,0.01,9fe7f6956b3f301bdd6d,completed,0.6697247706422018,310,310,3.9999999999999685,91.23086951859295,82.07060629315674,0.26474389126824754,4061907456,4215275520,3,sweep/nlp/9fe7f6956b3f301bdd6d,,0.6488596644247732,0.0
nlp,dp-adam-momentum-bias-bandinvmf-scale,sweep,20261111,4,0.005,300,0.01,cba3dafa99c3fadd2f44,completed,0.7568807339449541,310,310,3.9999999999999707,92.07294552959502,82.1239863038063,0.26491608485098805,4061907456,4215275520,3,sweep/nlp/cba3dafa99c3fadd2f44,,0.49474049377441404,0.0
nlp,dp-adam-iid,sweep,20261112,4,0.002,0.3,,cc37b68fa30b1a0d7424,completed,0.7557339449541285,310,310,3.9999999999999685,92.69749253243208,84.83157816901803,0.27365025215812266,3643156992,3946840064,0,sweep/nlp/cc37b68fa30b1a0d7424,,1.140531482327369,0.4549677419354839
nlp,dp-adam-sgd-bandinvmf,sweep,20261112,4,0.005,20,,72d8cfd7e2c80ea6b498,completed,0.7740825688073395,310,310,3.9999999999999685,93.4736647978425,85.05291962064803,0.27436425684080007,3695762944,3955228672,0,sweep/nlp/72d8cfd7e2c80ea6b498,,0.469718022500315,0.3247741935483871
nlp,dp-adam-momentum-bandinvmf,sweep,20261112,4,0.005,10,,a0e54c9d93526b403d91,completed,0.7672018348623854,310,310,3.9999999999999716,89.19514201954007,80.42924737557769,0.2594491850825087,3695762944,3955228672,2,sweep/nlp/a0e54c9d93526b403d91,,0.6160958330708165,0.42838709677419357
nlp,dp-adam-momentum-bias-bandinvmf,sweep,20261112,4,0.005,20,,74ef06e35bbd83db14b8,completed,0.7717889908256881,310,310,3.9999999999999685,91.3346086051315,80.35683386214077,0.2592155931036799,3695762944,3955228672,2,sweep/nlp/74ef06e35bbd83db14b8,,0.485768305132466,0.34443548387096773
nlp,dp-adam-sgd-bandinvmf-scale,sweep,20261112,4,0.005,300,0.01,ae3c2a6ed563eb801f28,completed,0.783256880733945,310,310,3.9999999999999685,89.95941324159503,81.18134483136237,0.26187530590762054,4061907456,4215275520,1,sweep/nlp/ae3c2a6ed563eb801f28,,0.4201622511340726,0.24924193548387097
nlp,dp-adam-momentum-bandinvmf-scale,sweep,20261112,4,0.005,200,0.01,2ef1332541925ea2f588,completed,0.6513761467889908,310,310,3.9999999999999685,90.51190898753703,81.19925523363054,0.26193308139880817,4061907456,4215275520,1,sweep/nlp/2ef1332541925ea2f588,,0.661745624173072,0.0
nlp,dp-adam-momentum-bias-bandinvmf-scale,sweep,20261112,4,0.005,300,0.01,2dc1eded2cd2b7737c6f,completed,0.7362385321100917,310,310,3.9999999999999707,92.55965015105903,82.4520200509578,0.26597425822889614,4061907456,4215275520,3,sweep/nlp/2dc1eded2cd2b7737c6f,,0.5003954832015499,0.0
nlp,dp-adam-iid,sweep,20261113,4,0.002,0.3,,f096cecdf2d19e931d84,completed,0.7305045871559633,310,310,3.9999999999999685,90.24755369499326,82.29271390847862,0.2654603674467052,3643156992,3946840064,3,sweep/nlp/f096cecdf2d19e931d84,,1.1355790484028478,0.46191935483870966
nlp,dp-adam-sgd-bandinvmf,sweep,20261113,4,0.005,20,,bf26e4344875cb3f8927,completed,0.7591743119266054,310,310,3.9999999999999685,94.04398217238486,85.6526232007891,0.2762987845186745,3695762944,3955228672,0,sweep/nlp/bf26e4344875cb3f8927,,0.47461573102397303,0.32837096774193547
nlp,dp-adam-momentum-bandinvmf,sweep,20261113,4,0.005,10,,c2e2ca4dd0a2b6969e11,completed,0.7637614678899083,310,310,3.9999999999999716,94.51814895868301,85.4064708314836,0.27550474461768903,3695762944,3955228672,0,sweep/nlp/c2e2ca4dd0a2b6969e11,,0.6152789464150705,0.423258064516129
nlp,dp-adam-momentum-bias-bandinvmf,sweep,20261113,4,0.005,20,,0a3f7f5d65cf65930e4d,completed,0.768348623853211,310,310,3.9999999999999685,93.5691436138004,82.38572693243623,0.2657604094594717,3695762944,3955228672,2,sweep/nlp/0a3f7f5d65cf65930e4d,,0.4823655055876701,0.3394516129032258
nlp,dp-adam-sgd-bandinvmf-scale,sweep,20261113,4,0.005,300,0.01,03a97d7e61f5330023ac,completed,0.7637614678899083,310,310,3.9999999999999685,91.57494896091521,82.42459335178137,0.26588578500574633,4061907456,4215275520,2,sweep/nlp/03a97d7e61f5330023ac,,0.42430360215710056,0.24675806451612903
nlp,dp-adam-momentum-bandinvmf-scale,sweep,20261113,4,0.005,200,0.01,e6318c5772288112324b,completed,0.6330275229357798,310,310,3.9999999999999685,89.74240237288177,80.28909522481263,0.2589970813703633,4061907456,4215275520,1,sweep/nlp/e6318c5772288112324b,,0.6559605122227823,0.0
nlp,dp-adam-momentum-bias-bandinvmf-scale,sweep,20261113,4,0.005,300,0.01,cb2bbbf27d1c964218a2,completed,0.7305045871559633,310,310,3.9999999999999707,90.79305219650269,80.44553275592625,0.25950171856750404,4061907456,4215275520,1,sweep/nlp/cb2bbbf27d1c964218a2,,0.49620529273248487,0.0
nlp,dp-adam-iid,sweep,20261111,16,0.002,0.3,,8b094299eac17861bc58,completed,0.7752293577981652,310,310,16.000000000000018,90.44567611813545,82.08238048665226,0.2647818725375879,3643156992,3946840064,3,sweep/nlp/8b094299eac17861bc58,,0.9257872747605846,0.3076774193548387
nlp,dp-adam-sgd-bandinvmf,sweep,20261111,16,0.005,20,,384344ff355cb8b32927,completed,0.7809633027522935,310,310,16.000000000000018,91.61289388500154,82.02919359318912,0.2646103019135133,3695762944,3955228672,3,sweep/nlp/384344ff355cb8b32927,,0.3847652021838773,0.22419354838709676
nlp,dp-adam-momentum-bandinvmf,sweep,20261111,16,0.005,10,,9b96597e62090b3d6c34,completed,0.768348623853211,310,310,16.000000000000018,94.8127727881074,85.23800584115088,0.27496130916500283,3695762944,3955228672,0,sweep/nlp/9b96597e62090b3d6c34,,0.4960134518531061,0.28643548387096773
nlp,dp-adam-momentum-bias-bandinvmf,sweep,20261111,16,0.005,20,,9564ba6ed490b36f9951,completed,0.7729357798165137,310,310,16.000000000000018,96.83743839897215,85.96188040450215,0.27729638840161985,3695762944,3955228672,0,sweep/nlp/9564ba6ed490b36f9951,,0.3956021900792276,0.23269354838709677
nlp,dp-adam-sgd-bandinvmf-scale,sweep,20261111,16,0.005,300,0.01,6f061b2a6f9306ad216b,completed,0.7901376146788991,310,310,16.000000000000032,91.25248470157385,82.44280821271241,0.2659445426216529,4061907456,4215275520,2,sweep/nlp/6f061b2a6f9306ad216b,,0.4483419164842175,0.21038709677419354
nlp,dp-adam-momentum-bandinvmf-scale,sweep,20261111,16,0.005,200,0.01,060fa8856b90e93dac75,completed,0.7981651376146789,310,310,16.000000000000018,91.12989359162748,82.33321353420615,0.265591011400665,4061907456,4215275520,2,sweep/nlp/060fa8856b90e93dac75,,0.4845945547780683,0.2768709677419355
nlp,dp-adam-momentum-bias-bandinvmf-scale,sweep,20261111,16,0.005,300,0.01,54312bdc8026a32a580f,completed,0.8027522935779816,310,310,16.000000000000018,89.86939899995923,79.76236921735108,0.25729796521726156,4061907456,4215275520,1,sweep/nlp/54312bdc8026a32a580f,,0.43122337390530496,0.2185967741935484
nlp,dp-adam-iid,sweep,20261112,16,0.002,0.3,,5fef71999476dd0c859c,completed,0.7717889908256881,310,310,16.000000000000018,86.79725925065577,79.48536004126072,0.2564043872298733,3643156992,3946840064,1,sweep/nlp/5fef71999476dd0c859c,,0.9481458799300655,0.30683870967741933
nlp,dp-adam-sgd-bandinvmf,sweep,20261112,16,0.005,20,,a7f5706861819e15f3e1,completed,0.7889908256880734,310,310,16.000000000000018,90.99117941968143,81.98614814691246,0.2644714456352015,3695762944,3955228672,3,sweep/nlp/a7f5706861819e15f3e1,,0.38735991594868324,0.23040322580645162
nlp,dp-adam-momentum-bandinvmf,sweep,20261112,16,0.005,10,,dc1b342320b9f6abd88c,completed,0.786697247706422,310,310,16.000000000000018,90.8661057241261,81.9427514784038,0.26433145638194777,3695762944,3955228672,3,sweep/nlp/dc1b342320b9f6abd88c,,0.48909916539346016,0.3004193548387097
nlp,dp-adam-momentum-bias-bandinvmf,sweep,20261112,16,0.005,20,,6255f6fbc70c0cddd8b6,completed,0.7970183486238532,310,310,16.000000000000018,97.25124517641962,87.11624235101044,0.2810201366161627,3695762944,3955228672,0,sweep/nlp/6255f6fbc70c0cddd8b6,,0.39383363342285155,0.23388709677419356
nlp,dp-adam-sgd-bandinvmf-scale,sweep,20261112,16,0.005,300,0.01,6108a9646a06458a1191,completed,0.7958715596330275,310,310,16.000000000000032,96.33359294943511,87.36028217338026,0.28180736184961375,4061907456,4215275520,0,sweep/nlp/6108a9646a06458a1191,,0.45274303017893147,0.2075483870967742
nlp,dp-adam-momentum-bandinvmf-scale,sweep,20261112,16,0.005,200,0.01,dfb35d84af0013123daf,completed,0.7958715596330275,310,310,16.000000000000018,90.83402453176677,80.7666983641684,0.26053773665860774,4061907456,4215275520,2,sweep/nlp/dfb35d84af0013123daf,,0.49514705928679437,0.25964516129032256
nlp,dp-adam-momentum-bias-bandinvmf-scale,sweep,20261112,16,0.005,300,0.01,c7ddadacbc3e3ba67dfe,completed,0.7947247706422018,310,310,16.000000000000018,92.09465982019901,80.6098325047642,0.2600317177573039,4061907456,4215275520,2,sweep/nlp/c7ddadacbc3e3ba67dfe,,0.4409698771815146,0.21561290322580645
nlp,dp-adam-iid,sweep,20261113,16,0.002,0.3,,b94eb052d60013cddfed,completed,0.7603211009174312,310,310,16.000000000000018,88.2366139497608,79.75841021724045,0.25728519424916274,3643156992,3946840064,1,sweep/nlp/b94eb052d60013cddfed,,0.9623927671370968,0.3064193548387097
nlp,dp-adam-sgd-bandinvmf,sweep,20261113,16,0.005,20,,9c9854bf3efc20b5a793,completed,0.7889908256880734,310,310,16.000000000000018,89.03176372684538,79.96240301989019,0.2579432355480329,3695762944,3955228672,1,sweep/nlp/9c9854bf3efc20b5a793,,0.3912113317674206,0.23211290322580644
nlp,dp-adam-momentum-bandinvmf,sweep,20261113,16,0.005,10,,3d777f3221959ee4a17a,completed,0.7729357798165137,310,310,16.000000000000018,89.01882825046778,79.38244103081524,0.25607239042198465,3695762944,3955228672,3,sweep/nlp/3d777f3221959ee4a17a,,0.48860975154753655,0.3050806451612903
nlp,dp-adam-momentum-bias-bandinvmf,sweep,20261113,16,0.005,20,,205c6f5b524f9dfae903,completed,0.7981651376146789,310,310,16.000000000000018,90.73023691028357,79.48768187500536,0.2564118770161463,3695762944,3955228672,3,sweep/nlp/205c6f5b524f9dfae903,,0.3986790264498803,0.2429516129032258
nlp,dp-adam-sgd-bandinvmf-scale,sweep,20261113,16,0.005,300,0.01,685f4dc2232d0fb6ab54,completed,0.7981651376146789,310,310,16.000000000000032,95.63000030256808,86.36437735706568,0.2785947656679538,4061907456,4215275520,0,sweep/nlp/685f4dc2232d0fb6ab54,,0.4650740848664314,0.21206451612903227
nlp,dp-adam-momentum-bandinvmf-scale,sweep,20261113,16,0.005,200,0.01,c65fa27f26096954b2c8,completed,0.7809633027522935,310,310,16.000000000000018,95.91525109298527,86.62690654210746,0.2794416340067983,4061907456,4215275520,0,sweep/nlp/c65fa27f26096954b2c8,,0.49335186226137223,0.27006451612903226
nlp,dp-adam-momentum-bias-bandinvmf-scale,sweep,20261113,16,0.005,300,0.01,daf565d44e78b142c1db,completed,0.805045871559633,310,310,16.000000000000018,49.35662652365863,40.05250543728471,0.1292016304428539,4061907456,4215275520,2,sweep/nlp/daf565d44e78b142c1db,,0.4445493621826172,0.21735483870967742
